Workbook

Sheet LHCQ
A1: LISTA DE CHEQUEO VALIDACIÓN
A2: =RESUMEN!A2 -> CF3_622300_Tecnólogo en Gestión de Seguridad y Protección de las Instalaciones
A3: Generales | C3: Cumple | D3: No cumple
A4: Paleta de color | B4: Se verifica que la paleta propuesta posee armonías de color equilibradas, las cuales han sido correctamente implementadas en todos los recursos gráficos del componente formativo, según lineamientos compartidos en la cartilla del RED. | C4: X
A5: Versión de plantilla Web | B5: Se verifica que el RED fue maquetado usando la última versión estable de la plantilla base | C5: N verif
A6: Eliminar archivos de ejemplo de la base | B6: Se valida que el recurso no tenga archivos basura, pdfs de ejemplo o imágenes que no son del recurso. | C6: N verif
A7: Carpeta Fuentes | B7: Se valida que exista la carpeta fuentes con sus documentos: diseño en Xd, word del material técnico y el archivo fuente de la actividad didáctica | C7: X
B8: Se verifica que el peso del archivo Xd sea el adecuado (máximo 100MB) | C8: X
A9: Página de inicio
A10: Banner de portada | B10: Se verifica que el banner contiene el título correcto del componente formativo. | C10: X
B11: Se verifica que la breve descripción corresponde a la que viene en el documento del componente formativo. | C11: X
B12: Se verifica que el banner no contiene el nombre del programa. | C12: X
B13: Se verifica que la imagen de acompañamiento represente correctamente el contenido del componente formativo (Contextualización). | C13: X
B14: Se verifica que la imagen de acompañamiento tiene la correcta proporción (4:3 / 1:1). | C14: X
B15: Se verifica que las texturas e imágenes utilizadas como fondo de portada no impiden la correcta lectura de los contenidos en todas las resoluciones de pantalla (responsive). | C15: X
B16: Se verifica que la imagen de acompañamiento y las texturas e imágenes están exportadas en el formato adecuado (SVG, PNG según sea el caso), el peso de la imagen usada no debe superar 1 Mb. | C16: X
A17: Menú portada | B17: Se verifica que la Introducción este representada por el icono de información expuesto en la plantilla base y no por numeración. | C17: X
B18: Se verifica que la numeración corresponda solo a los títulos de primer nivel. | C18: X
B19: Se verifica que si hay actividad didáctica se muestre en este espacio con el icono (?) | C19: X
B20: Se verifica que los botones ver contenido y ver más estén funcionando correctamente, es decir abren el contenido que corresponde a la opción de menú. | C20: X
B21: Se verifica que la síntesis este representada por el icono de mapa conceptual expuesto en la plantilla base y no por numeración. | C21: X
A22: Desarrollo de contenidos
A23: Maquetación | B23: Los títulos y textos contienen animaciones de entrada y salida (fade-left y fade-right) | C23: X
B24: Cada inicio de nuevo subtema(h2) tiene el separador de la base (HR) | C24: X
B25: Se verifica que todos los contenidos se encuentren correctamente distribuidos dentro del sistema de columnas y filas. | C25: X
B26: Los contenidos (como tablas o textos planos) no deben estar como imágenes y deben ser maquetados a excepción de las figuras e infografías | C26: X
A27: Imágenes | B27: Se verifica que todas imágenes de acompañamiento y texturas se ven con buena resolución y están exportadas en el formato adecuado (SVG, PNG según sea el caso). | C27: X
B28: Se verifica que los pesos de cada imagen sean los adecuados ( peso máximo de 1Mb, validar la carpeta assets y organizar por peso) | C28: X
B29: Se verifica que los gráficos infográficos tengan un título asociado | C29: X
B30: Se verifica que las imágenes o figuras que no son producidas en el ecosistema tenga su respectivo crédito ejemplo: Tomado de: www.pagina.edu.co | C30: X
B31: Se verifica que las notas y créditos de las imágenes queden en el html | C31: X
B32: Se verifica que las infografías, ilustraciones y gráficos vectoriales que contengan contenidos de texto presenten márgenes internos suficientes para evitar tensión visual entre los contenidos y el contenedor. | C32: X
B33: Se verifica que todos los elementos tales como iconos, imágenes y vectores utilizados dentro la propuesta gráfica, posean el mismo estilo (armonías de color, grosor de líneas, fondos, etc.) garantizando así la homogeneidad y unidad a lo largo de toda la propuesta. | C33: X
A34: Corrección estilo y ortotipografía | B34: Se verifica que los textos del recurso educativo digital coincidan con los del guion y sus anexos | C34: X
B35: Se verifica que la numeración presente en los títulos de primer y segundo orden sea la correcta respecto a lo que propone el guion. | C35: X
B36: Los textos deben estar alineados a la izquierda. Se verifica que los bloques de texto no presenten alineación a la derecha o justificación completa. | C36: X
B37: Se verifica que no existan textos huérfanos. | C37: X
B38: Se verifica que los títulos de tercer, cuarto y quinto grado no superen el tamaño y jerarquía de los contenidos principales (títulos de primer y segundo grado). | C38: X
B39: Se verifica que la numeración solo vaya hasta el segundo nivel. | C39: X
B40: Se verifica que los títulos y subtítulos no lleven punto final. | C40: X
B41: Se verifica que siempre debe ir en mayúscula después de un punto seguido, o al iniciar un párrafo. | C41: X
B42: Se verifica que después de dos puntos vaya en minúscula. | C42: X
B43: Se verifica que el componente ortográficamente este correcto. | C43: X
B44: Se verifica que los extranjerismos vayan en letra itálica Marketing por ejemplo | C44: X
A45: Videos | B45: Se verifica que el video vinculado sea el asociado al documento del componente formativo. | C45: X
B46: Se verifica que el video tenga pie de video. | C46: X
A47: Menú secundario
A48: Material complementario y anexos | B48: Se verifica que los enlaces abran archivos o documentos de manera local (carpeta de descargas del recurso) y no desde páginas externas, con el fin de evitar enlaces rotos. | C48: X
B49: Se verifica que las urls estén abriendo correctamente y correspondan al tema. No se deben repetir enlaces en las dos columnas. | C49: X
B50: Se verifica que las URLs abran en una "nueva pestaña" | C50: X
B51: Se verifica que el material complementario corresponde al componente formativo | C51: X
A52: Referencias bibliográficas | B52: Se verifica que las referencias bibliográficas corresponde al componente formativo | C52: X
B53: Se verifica que las referencias bibliográficas estén en orden alfabético | C53: X
B54: Se verifica que las URLs abran en una "nueva pestaña" | C54: X
B55: Se verifica que si hay URLs la referencia corresponde al documento que se visualiza | C55: X
A56: Glosario | B56: Se verifica que el glosario corresponda al relacionado en el documento del componente formativo. | C56: X
B57: Se verifica que al terminar de escribir la definición se coloca punto final (.) | C57: X
B58: Se verifica que el glosario debe ir en orden alfabético | C58: X
B59: Se verifica que después de los dos puntos inicie en minúscula. | C59: X
B60: Se verifica que los extranjerismos vayan en letra itálica Marketing por ejemplo | C60: X
A61: Síntesis | B61: Se debe manejar la plantilla de la base, este recurso tiene el título como las demás opciones del menú secundario: icono y título en el cabezote del contenido. | C61: X
B62: Se debe vincular el mapa conceptual que corresponde al contenido | C62: X
B63: Se debe vincular la versión PDF de la síntesis como aparece en la base del recurso. | C63: X
A64: Créditos | B64: Se verifica que los créditos correspondan al documento relacionado al componente formativo. | C64: X
B65: Se verifica que en el nombre, rol de la persona, centro de formación y regional a la que pertenece, se encuentre la primera letra de cada palabra en mayúscula | C65: X
B66: Se verifica que se encuentren los créditos de cada equipo que participaron en el componente de formación. | C66: X
A67: Descargable | B67: Se verifica que al hacer clic en "Descargar material" se descarga en formato de recurso educativo digital .ZIP | C67: N verif
B68: Se verifica que el material descargado corresponda al recurso educativo digital APROBADO | C68: N verif
A69: Actividad didáctica | B69: Se verifica que el título de la actividad que aparece en el menú del recurso educativo sea el correcto. | C69: X
B70: Se verifica que la descripción de la actividad didáctica es correcta | C70: X
B71: Se verifica el ícono debe corresponder con el tipo de la actividad didáctica | C71: X
B72: Se verifica que estén vinculadas todas las actividades didácticas propuestas en el componente formativo. | C72: X
B73: Se verifica que el título del componente que aparece en cada diapositiva de la actividad sea el correcto según el documento. | C73: X
B74: se verifica que los extranjerismos vayan en letra itálica Marketing por ejemplo | C74: X
B75: Se verifica que al hacer clic en el botón "realizar" del recurso educativo se encuentre vinculado la actividad didáctica correspondiente al componente formativo recibida de diseño instruccional | C75: X
B76: Se verifica que al realizar la actividad con las opciones correctas corresponden con el documento enviado por el diseñador instruccional | C76: X
B77: Se verifica que al realizar la actividad con las opciones incorrectas corresponden con el documento enviado por el diseñador instruccional | C77: X
B78: Se verifica que la redacción de las instrucciones, contenido y retroalimentación sea en tercera persona | C78: X
B79: Se verifica que la redacción de las instrucciones, contenido y retroalimentación sea las que corresponden al documento del componente formativo. | C79: X
B80: Se verifica que la actividad funcione correctamente. | C80: X
B81: Se verifica que el mensaje final de la retroalimentación correcta de la actividad se muestra si se respondió de manera correcta. | C81: X
... B83: Se verifica que el botón "revisar" realiza una retroalimentación correcta. | C83: X
A84: Accesibilidad
A85: Informe de Accesibilidad | B85: Se verifica el documento de accesibilidad del RED | C85: N verif
A86: 1. Contenido no textual (WCAG 2.1 - Criterio 1.1.1) | B86: Todo contenido no textual que se presenta al usuario tiene una alternativa textual que cumple el mismo propósito, excepto en las situaciones enumeradas a continuación: videos, actividadas didácticas e imágenes decorativas. Consideraciones: 1) Para el caso específico de las imágenes que presentan información al usuario se debe hacer uso del atributo alt que está definido en un conjunto de etiquetas para permitir proporcionar un texto equivalente. 2) Las imágenes que no transmitan información sean decorativas o con el contenido ya presente como texto, se ofrecerán con el texto alternativo vacío (alt="") o aplicadas como fondos de imagen CSS. | C86: X
A87: 2. Video - Audio (WCAG 2.1 - Criterio 1.2.1) | B87: Se proporcionan subtítulos y transcripciones para el contenido de video y audio grabado (No en directo). | C87: X
A88: 3.Información y relaciones (WCAG 2.1 - Criterio 1.3.1) | B88: La estructura, orden de la navegación y lectura del contenido (determinado por el orden en el código fuente) es lógico. Consideraciones: El marcado semántico se usará para designar los encabezados (<h1>), listas (<ul>, <ol>, and <dl>), texto especial o enfatizado (<strong>, <code>, <abbr>, <blockquote>, por ejemplo), etc. El marcado semántico deberá usarse apropiadamente. | C88: N verif
A89: 4. Orientación de la pantalla (WCAG 2.1 - Criterio 1.3.4) | B89: El contenido no obliga a poder ser visto y manejado en una única orientación de la pantalla, como en formato vertical o apaisado, a no ser que sea esencial. | C89: X
A90: 5. Control de audio (WCAG 2.1 - Criterio 1.4.2) | B90: Si el audio de una página web suena automáticamente durante más de tres segundos, se proporciona un mecanismo para pausar o detener el audio, o un mecanismo para controlar el volumen del sonido que sea independiente del nivel de volumen global del sistema. | C90: NA
A91: 6. Cambio de tamaño del texto (WCAG 2.1 - Criterio 1.4.4) | B91: Todo el texto puede ser ajustado mediante la definición de tamaño relativos (em, %) o se ofrece una herramienta A+ A- | C91: X
A92: 7. Imágenes de texto (WCAG 2.1 - Criterio 1.4.5) | B92: Si la misma representación visual (diseño) puede realizarse usando texto (maquetación HTML), no deben usarse imágenes para representar dicho contenido. | C92: X
A93: 8. Reajuste de contenidos (WCAG 2.1 - Criterio 1.4.10) | B93: El contenido se puede presentar sin perder información o funcionalidad en diferentes resoluciones de pantalla, y sin requerir scroll en dos dimensiones, excepto para aquellas partes del contenido que requieren ese desplazamiento por su uso o significado (imágenes, mapas, diagramas, tablas o interfaces). | C93: X
A94: 9. Navegación coherente (WCAG 2.1 - Criterio 3.2.3) | B94: Se garantiza que el orden de navegación y lectura (determinado por el orden en el código fuente) es lógico. | C94: X
A95: 10.Identificación consistente (WCAG 2.1 - Criterio 3.2.4) | B95: Los componentes que tienen la misma funcionalidad dentro de un conjunto de páginas web son identificados de manera coherente. Consideraciones: Los componentes web que se repiten dentro del contenido deberán ser consistentes en su funcionalidad y estilo (color – forma - estados). | C95: X
A96: 11. Procesamiento, código limpio (WCAG 2.1 - Criterio 4.1.1) | B96: En los contenidos implementados mediante el uso de lenguajes de marcas: los elementos tienen las etiquetas de apertura y cierre completas; los elementos están anidados de acuerdo con sus especificaciones; los elementos no contienen atributos duplicados; y los identicadores son únicos. Excepto cuando las especicaciones permitan otras características. | C96: N verif

Sheet RESUMEN
A1: LISTA DE CHEQUEO VALIDACIÓN RED
A2: CF3_622300_Tecnólogo en Gestión de Seguridad y Protección de las Instalaciones
F3: REALIZACIÓN DE LOS AJUSTES | J3: REVISION DE LOS AJUSTES
A4: No Registro | B4: Recurso | C4: Descripción del hallazgo | D4: Tipo de hallazgo | E4: Ruta | F4: Ajuste completo | G4: Ajuste parcial | H4: No se hizo el ajuste | I4: Observaciones | J4: AJUSTE REALIZADO | K4: CON PENDENTES | L4: AJUSTE NO REALIZADO | M4: OBSERVACIONES
A5: ='H1'!$B$3 -> 1 | B5: ='H1'!$B$4 -> CF | C5: ='H1'!$B$5 -> Reemplazar palabras mayúsculas en recuadros por minúsculas | D5: ='H1'!$B$6 -> Maquetación | E5: ='H1'!$B$7 -> 1.1 Evolución tecnológica en la seguridad privada | F5: ='H1'!$D$5 -> 0 | G5: ='H1'!$E$5 -> 0 | H5: ='H1'!$F$5 -> 0 | I5: ='H1'!$G$5 -> 0 | J5: ='H1'!$D$9 -> 0 | K5: ='H1'!$E$9 -> 0 | L5: ='H1'!$F$9 -> 0 | M5: ='H1'!$G$9 -> 0
A6: ='H2'!$B$3 -> 2 | B6: ='H2'!$B$4 -> CF | C6: ='H2'!$B$5 -> Falta entralazar el pódcast correspondiente | D6: ='H2'!$B$6 -> Maquetación | E6: ='H2'!$B$7 -> 1.2 Transformación tecnológica del mercado de seguridad privada | F6: ='H2'!$D$5 -> 0 | G6: ='H2'!$E$5 -> 0 | H6: ='H2'!$F$5 -> 0 | I6: ='H2'!$G$5 -> 0 | J6: ='H2'!$D$9 -> 0 | K6: ='H2'!$E$9 -> 0 | L6: ='H2'!$F$9 -> 0 | M6: ='H2'!$G$9 -> 0
A7: ='H3'!$B$3 -> 3 | B7: ='H3'!$B$4 -> CF | C7: ='H3'!$B$5 -> Suprimir palabra en recuadro | D7: ='H3'!$B$6 -> Maquetación | E7: ='H3'!$B$7 -> 1.7 Analítica de datos, blockchain e inteligencia geoespacial | F7: ='H3'!$D$5 -> 0 | G7: ='H3'!$E$5 -> 0 | H7: ='H3'!$F$5 -> 0 | I7: ='H3'!$G$5 -> 0 | J7: ='H3'!$D$9 -> 0 | K7: ='H3'!$E$9 -> 0 | L7: ='H3'!$F$9 -> 0 | M7: ='H3'!$G$9 -> 0
A8: ='H4'!$B$3 -> 4 | B8: ='H4'!$B$4 -> CF | C8: ='H4'!$B$5 -> Adicionar palabra en recuadro "de los" | D8: ='H4'!$B$6 -> Maquetación | E8: ='H4'!$B$7 -> 2 Sistemas, equipos y conexiones para la videovigilancia | F8: ='H4'!$D$5 -> 0 | G8: ='H4'!$E$5 -> 0 | H8: ='H4'!$F$5 -> 0 | I8: ='H4'!$G$5 -> 0 | J8: ='H4'!$D$9 -> 0 | K8: ='H4'!$E$9 -> 0 | L8: ='H4'!$F$9 -> 0 | M8: ='H4'!$G$9 -> 0
A9: ='H5'!$B$3 -> 5 | B9: ='H5'!$B$4 -> CF | C9: ='H5'!$B$5 -> Reemplazar plabras en recuadros por itálica | D9: ='H5'!$B$6 -> Maquetación | E9: ='H5'!$B$7 -> 2.1 Sistemas de circuito cerrado de televisión (CCTV) | F9: ='H5'!$D$5 -> 0 | G9: ='H5'!$E$5 -> 0 | H9: ='H5'!$F$5 -> 0 | I9: ='H5'!$G$5 -> 0 | J9: ='H5'!$D$9 -> 0 | K9: ='H5'!$E$9 -> 0 | L9: ='H5'!$F$9 -> 0 | M9: ='H5'!$G$9 -> 0
A10: ='H6'!$B$3 -> 6 | B10: ='H6'!$B$4 -> CF | C10: ='H6'!$B$5 -> Reemplazar plabras en recuadros por itálica | D10: ='H6'!$B$6 -> Maquetación | E10: ='H6'!$B$7 -> 2.2 Tipos de cámaras de videovigilancia | F10: ='H6'!$D$5 -> 0 | G10: ='H6'!$E$5 -> 0 | H10: ='H6'!$F$5 -> 0 | I10: ='H6'!$G$5 -> 0 | J10: ='H6'!$D$9 -> 0 | K10: ='H6'!$E$9 -> 0 | L10: ='H6'!$F$9 -> 0 | M10: ='H6'!$G$9 -> 0
A11: ='H7'!$B$3 -> 7 | B11: ='H7'!$B$4 -> CF | C11: ='H7'!$B$5 -> Suprimir palabra en recuadro | D11: ='H7'!$B$6 -> Maquetación | E11: ='H7'!$B$7 -> 2.3 Parámetros técnicos para la selección de cámaras | F11: ='H7'!$D$5 -> 0 | G11: ='H7'!$E$5 -> 0 | H11: ='H7'!$F$5 -> 0 | I11: ='H7'!$G$5 -> 0 | J11: ='H7'!$D$9 -> 0 | K11: ='H7'!$E$9 -> 0 | L11: ='H7'!$F$9 -> 0 | M11: ='H7'!$G$9 -> 0
A12: ='H8'!$B$3 -> 8 | B12: ='H8'!$B$4 -> CF | C12: ='H8'!$B$5 -> Reemplazar plabras en recuadros por itálica | D12: ='H8'!$B$6 -> Maquetación | E12: ='H8'!$B$7 -> 2.3 Parámetros técnicos para la selección de cámaras | F12: ='H8'!$D$5 -> 0 | G12: ='H8'!$E$5 -> 0 | H12: ='H8'!$F$5 -> 0 | I12: ='H8'!$G$5 -> 0 | J12: ='H8'!$D$9 -> 0 | K12: ='H8'!$E$9 -> 0 | L12: ='H8'!$F$9 -> 0 | M12: ='H8'!$G$9 -> 0
A13: ='H9'!$B$3 -> 9 | B13: ='H9'!$B$4 -> CF | C13: ='H9'!$B$5 -> Reemplazar plabras en recuadros por itálica | D13: ='H9'!$B$6 -> Maquetación | E13: ='H9'!$B$7 -> 2.4 Sistemas de grabación y almacenamiento | F13: ='H9'!$D$5 -> 0 | G13: ='H9'!$E$5 -> 0 | H13: ='H9'!$F$5 -> 0 | I13: ='H9'!$G$5 -> 0 | J13: ='H9'!$D$9 -> 0 | K13: ='H9'!$E$9 -> 0 | L13: ='H9'!$F$9 -> 0 | M13: ='H9'!$G$9 -> 0
A14: ='H10'!$B$3 -> 10 | B14: ='H10'!$B$4 -> CF | C14: ='H10'!$B$5 -> Falta entralazar el video corresponidente | D14: ='H10'!$B$6 -> maquetación | E14: ='H10'!$B$7 -> 3 Plan de seguridad | F14: ='H10'!$D$5 -> 0 | G14: ='H10'!$E$5 -> 0 | H14: ='H10'!$F$5 -> 0 | I14: ='H10'!$G$5 -> 0 | J14: ='H10'!$D$9 -> 0 | K14: ='H10'!$E$9 -> 0 | L14: ='H10'!$F$9 -> 0 | M14: ='H10'!$G$9 -> 0
A15: ='H11'!$B$3 -> 11 | B15: ='H11'!$B$4 -> CF | C15: ='H11'!$B$5 -> 1. Reemplazar puuaciónr ecuadro "," 2. Reemplazar palabra en recuadro "los" 3. Reemplazar puntuación en recuadro ";" 4. Reemplazar palabra en recuadro "estudiados" | D15: ='H11'!$B$6 -> Maquetación | E15: ='H11'!$B$7 -> 3.2 Alcance, características y elementos del plan | F15: ='H11'!$D$5 -> 0 | G15: ='H11'!$E$5 -> 0 | H15: ='H11'!$F$5 -> 0 | I15: ='H11'!$G$5 -> 0 | J15: ='H11'!$D$9 -> 0 | K15: ='H11'!$E$9 -> 0 | L15: ='H11'!$F$9 -> 0 | M15: ='H11'!$G$9 -> 0
A16: ='H12'!$B$3 -> 12 | B16: ='H12'!$B$4 -> CF | C16: ='H12'!$B$5 -> Reemplazar palabra en recuadro "para" | D16: ='H12'!$B$6 -> Maquetación | E16: ='H12'!$B$7 -> 3.7 Evaluación y mejora continua | F16: ='H12'!$D$5 -> 0 | G16: ='H12'!$E$5 -> 0 | H16: ='H12'!$F$5 -> 0 | I16: ='H12'!$G$5 -> 0 | J16: ='H12'!$D$9 -> 0 | K16: ='H12'!$E$9 -> 0 | L16: ='H12'!$F$9 -> 0 | M16: ='H12'!$G$9 -> 0
A17: ='H13'!$B$3 -> 13 | B17: ='H13'!$B$4 -> CF | C17: ='H13'!$B$5 -> Enlance se encuentra roto, no funciona | D17: ='H13'!$B$6 -> Maquetación | E17: ='H13'!$B$7 -> Referencia bibliográfica | F17: ='H13'!$D$5 -> 0 | G17: ='H13'!$E$5 -> 0 | H17: ='H13'!$F$5 -> 0 | I17: ='H13'!$G$5 -> 0 | J17: ='H13'!$D$9 -> 0 | K17: ='H13'!$E$9 -> 0 | L17: ='H13'!$F$9 -> 0 | M17: ='H13'!$G$9 -> 0
A18: ='H14'!$B$3 -> 14 | B18: ='H14'!$B$4 -> CF | C18: ='H14'!$B$5 -> Reemplazar palabra mayúsucla en recaudro por minúsculas | D18: ='H14'!$B$6 -> Maquetación | E18: ='H14'!$B$7 -> Cuestionario | F18: ='H14'!$D$5 -> 0 | G18: ='H14'!$E$5 -> 0 | H18: ='H14'!$F$5 -> 0 | I18: ='H14'!$G$5 -> 0 | J18: ='H14'!$D$9 -> 0 | K18: ='H14'!$E$9 -> 0 | L18: ='H14'!$F$9 -> 0 | M18: ='H14'!$G$9 -> 0
A19: ='H15'!$B$3 -> 15 | B19: ='H15'!$B$4 -> 0 | C19: ='H15'!$B$5 -> 0 | D19: ='H15'!$B$6 -> 0 | E19: ='H15'!$B$7 -> 0 | F19: ='H15'!$D$5 -> 0 | G19: ='H15'!$E$5 -> 0 | H19: ='H15'!$F$5 -> 0 | I19: ='H15'!$G$5 -> 0 | J19: ='H15'!$D$9 -> 0 | K19: ='H15'!$E$9 -> 0 | L19: ='H15'!$F$9 -> 0 | M19: ='H15'!$G$9 -> 0
A20: ='H16'!$B$3 -> 16 | B20: ='H16'!$B$4 -> 0 | C20: ='H16'!$B$5 -> 0 | D20: ='H16'!$B$6 -> 0 | E20: ='H16'!$B$7 -> 0 | F20: ='H16'!$D$5 -> 0 | G20: ='H16'!$E$5 -> 0 | H20: ='H16'!$F$5 -> 0 | I20: ='H16'!$G$5 -> 0 | J20: ='H16'!$D$9 -> 0 | K20: ='H16'!$E$9 -> 0 | L20: ='H16'!$F$9 -> 0 | M20: ='H16'!$G$9 -> 0
A21: ='H17'!$B$3 -> 17 | B21: ='H17'!$B$4 -> 0 | C21: ='H17'!$B$5 -> 0 | D21: ='H17'!$B$6 -> 0 | E21: ='H17'!$B$7 -> 0 | F21: ='H17'!$D$5 -> 0 | G21: ='H17'!$E$5 -> 0 | H21: ='H17'!$F$5 -> 0 | I21: ='H17'!$G$5 -> 0 | J21: ='H17'!$D$9 -> 0 | K21: ='H17'!$E$9 -> 0 | L21: ='H17'!$F$9 -> 0 | M21: ='H17'!$G$9 -> 0
A22: ='H18'!$B$3 -> 18 | B22: ='H18'!$B$4 -> 0 | C22: ='H18'!$B$5 -> 0 | D22: ='H18'!$B$6 -> 0 | E22: ='H18'!$B$7 -> 0 | F22: ='H18'!$D$5 -> 0 | G22: ='H18'!$E$5 -> 0 | H22: ='H18'!$F$5 -> 0 | I22: ='H18'!$G$5 -> 0 | J22: ='H18'!$D$9 -> 0 | K22: ='H18'!$E$9 -> 0 | L22: ='H18'!$F$9 -> 0 | M22: ='H18'!$G$9 -> 0
A23: ='H19'!$B$3 -> 19 | B23: ='H19'!$B$4 -> 0 | C23: ='H19'!$B$5 -> 0 | D23: ='H19'!$B$6 -> 0 | E23: ='H19'!$B$7 -> 0 | F23: ='H19'!$D$5 -> 0 | G23: ='H19'!$E$5 -> 0 | H23: ='H19'!$F$5 -> 0 | I23: ='H19'!$G$5 -> 0 | J23: ='H19'!$D$9 -> 0 | K23: ='H19'!$E$9 -> 0 | L23: ='H19'!$F$9 -> 0 | M23: ='H19'!$G$9 -> 0
A24: ='H20'!$B$3 -> 20 | B24: ='H20'!$B$4 -> 0 | C24: ='H20'!$B$5 -> 0 | D24: ='H20'!$B$6 -> 0 | E24: ='H20'!$B$7 -> 0 | F24: ='H20'!$D$5 -> 0 | G24: ='H20'!$E$5 -> 0 | H24: ='H20'!$F$5 -> 0 | I24: ='H20'!$G$5 -> 0 | J24: ='H20'!$D$9 -> 0 | K24: ='H20'!$E$9 -> 0 | L24: ='H20'!$F$9 -> 0 | M24: ='H20'!$G$9 -> 0
A25: ='H21'!$B$3 -> 21 | B25: ='H21'!$B$4 -> 0 | C25: ='H21'!$B$5 -> 0 | D25: ='H21'!$B$6 -> 0 | E25: ='H21'!$B$7 -> 0 | F25: ='H21'!$D$5 -> 0 | G25: ='H21'!$E$5 -> 0 | H25: ='H21'!$F$5 -> 0 | I25: ='H21'!$G$5 -> 0 | J25: ='H21'!$D$9 -> 0 | K25: ='H21'!$E$9 -> 0 | L25: ='H21'!$F$9 -> 0 | M25: ='H21'!$G$9 -> 0
A26: ='H22'!$B$3 -> 22 | B26: ='H22'!$B$4 -> 0 | C26: ='H22'!$B$5 -> 0 | D26: ='H22'!$B$6 -> 0 | E26: ='H22'!$B$7 -> 0 | F26: ='H22'!$D$5 -> 0 | G26: ='H22'!$E$5 -> 0 | H26: ='H22'!$F$5 -> 0 | I26: ='H22'!$G$5 -> 0 | J26: ='H22'!$D$9 -> 0 | K26: ='H22'!$E$9 -> 0 | L26: ='H22'!$F$9 -> 0 | M26: ='H22'!$G$9 -> 0
A27: ='H23'!$B$3 -> 23 | B27: ='H23'!$B$4 -> 0 | C27: ='H23'!$B$5 -> 0 | D27: ='H23'!$B$6 -> 0 | E27: ='H23'!$B$7 -> 0 | F27: ='H23'!$D$5 -> 0 | G27: ='H23'!$E$5 -> 0 | H27: ='H23'!$F$5 -> 0 | I27: ='H23'!$G$5 -> 0 | J27: ='H23'!$D$9 -> 0 | K27: ='H23'!$E$9 -> 0 | L27: ='H23'!$F$9 -> 0 | M27: ='H23'!$G$9 -> 0
A28: ='H24'!$B$3 -> 24 | B28: ='H24'!$B$4 -> 0 | C28: ='H24'!$B$5 -> 0 | D28: ='H24'!$B$6 -> 0 | E28: ='H24'!$B$7 -> 0 | F28: ='H24'!$D$5 -> 0 | G28: ='H24'!$E$5 -> 0 | H28: ='H24'!$F$5 -> 0 | I28: ='H24'!$G$5 -> 0 | J28: ='H24'!$D$9 -> 0 | K28: ='H24'!$E$9 -> 0 | L28: ='H24'!$F$9 -> 0 | M28: ='H24'!$G$9 -> 0
A29: ='H25'!$B$3 -> 25 | B29: ='H25'!$B$4 -> 0 | C29: ='H25'!$B$5 -> 0 | D29: ='H25'!$B$6 -> 0 | E29: ='H25'!$B$7 -> 0 | F29: ='H25'!$D$5 -> 0 | G29: ='H25'!$E$5 -> 0 | H29: ='H25'!$F$5 -> 0 | I29: ='H25'!$G$5 -> 0 | J29: ='H25'!$D$9 -> 0 | K29: ='H25'!$E$9 -> 0 | L29: ='H25'!$F$9 -> 0 | M29: ='H25'!$G$9 -> 0
A30: ='H26'!$B$3 -> 26 | B30: ='H26'!$B$4 -> 0 | C30: ='H26'!$B$5 -> 0 | D30: ='H26'!$B$6 -> 0 | E30: ='H26'!$B$7 -> 0 | F30: ='H26'!$D$5 -> 0 | G30: ='H26'!$E$5 -> 0 | H30: ='H26'!$F$5 -> 0 | I30: ='H26'!$G$5 -> 0 | J30: ='H26'!$D$9 -> 0 | K30: ='H26'!$E$9 -> 0 | L30: ='H26'!$F$9 -> 0 | M30: ='H26'!$G$9 -> 0
A31: ='H27'!$B$3 -> 27 | B31: ='H27'!$B$4 -> 0 | C31: ='H27'!$B$5 -> 0 | D31: ='H27'!$B$6 -> 0 | E31: ='H27'!$B$7 -> 0 | F31: ='H27'!$D$5 -> 0 | G31: ='H27'!$E$5 -> 0 | H31: ='H27'!$F$5 -> 0 | I31: ='H27'!$G$5 -> 0 | J31: ='H27'!$D$9 -> 0 | K31: ='H27'!$E$9 -> 0 | L31: ='H27'!$F$9 -> 0 | M31: ='H27'!$G$9 -> 0
A32: ='H28'!$B$3 -> 28 | B32: ='H28'!$B$4 -> 0 | C32: ='H28'!$B$5 -> 0 | D32: ='H28'!$B$6 -> 0 | E32: ='H28'!$B$7 -> 0 | F32: ='H28'!$D$5 -> 0 | G32: ='H28'!$E$5 -> 0 | H32: ='H28'!$F$5 -> 0 | I32: ='H28'!$G$5 -> 0 | J32: ='H28'!$D$9 -> 0 | K32: ='H28'!$E$9 -> 0 | L32: ='H28'!$F$9 -> 0 | M32: ='H28'!$G$9 -> 0
A33: ='H29'!$B$3 -> 29 | B33: ='H29'!$B$4 -> 0 | C33: ='H29'!$B$5 -> 0 | D33: ='H29'!$B$6 -> 0 | E33: ='H29'!$B$7 -> 0 | F33: ='H29'!$D$5 -> 0 | G33: ='H29'!$E$5 -> 0 | H33: ='H29'!$F$5 -> 0 | I33: ='H29'!$G$5 -> 0 | J33: ='H29'!$D$9 -> 0 | K33: ='H29'!$E$9 -> 0 | L33: ='H29'!$F$9 -> 0 | M33: ='H29'!$G$9 -> 0
A34: ='H30'!$B$3 -> 30 | B34: ='H30'!$B$4 -> 0 | C34: ='H30'!$B$5 -> 0 | D34: ='H30'!$B$6 -> 0 | E34: ='H30'!$B$7 -> 0 | F34: ='H30'!$D$5 -> 0 | G34: ='H30'!$E$5 -> 0 | H34: ='H30'!$F$5 -> 0 | I34: ='H30'!$G$5 -> 0 | J34: ='H30'!$D$9 -> 0 | K34: ='H30'!$E$9 -> 0 | L34: ='H30'!$F$9 -> 0 | M34: ='H30'!$G$9 -> 0
A35: ='H31'!$B$3 -> 31 | B35: ='H31'!$B$4 -> 0 | C35: ='H31'!$B$5 -> 0 | D35: ='H31'!$B$6 -> 0 | E35: ='H31'!$B$7 -> 0 | F35: ='H31'!$D$5 -> 0 | G35: ='H31'!$E$5 -> 0 | H35: ='H31'!$F$5 -> 0 | I35: ='H31'!$G$5 -> 0 | J35: ='H31'!$D$9 -> 0 | K35: ='H31'!$E$9 -> 0 | L35: ='H31'!$F$9 -> 0 | M35: ='H31'!$G$9 -> 0
A36: ='H32'!$B$3 -> 32 | B36: ='H32'!$B$4 -> 0 | C36: ='H32'!$B$5 -> 0 | D36: ='H32'!$B$6 -> 0 | E36: ='H32'!$B$7 -> 0 | F36: ='H32'!$D$5 -> 0 | G36: ='H32'!$E$5 -> 0 | H36: ='H32'!$F$5 -> 0 | I36: ='H32'!$G$5 -> 0 | J36: ='H32'!$D$9 -> 0 | K36: ='H32'!$E$9 -> 0 | L36: ='H32'!$F$9 -> 0 | M36: ='H32'!$G$9 -> 0
A37: ='H33'!$B$3 -> 33 | B37: ='H33'!$B$4 -> 0 | C37: ='H33'!$B$5 -> 0 | D37: ='H33'!$B$6 -> 0 | E37: ='H33'!$B$7 -> 0 | F37: ='H33'!$D$5 -> 0 | G37: ='H33'!$E$5 -> 0 | H37: ='H33'!$F$5 -> 0 | I37: ='H33'!$G$5 -> 0 | J37: ='H33'!$D$9 -> 0 | K37: ='H33'!$E$9 -> 0 | L37: ='H33'!$F$9 -> 0 | M37: ='H33'!$G$9 -> 0
A38: ='H34'!$B$3 -> 34 | B38: ='H34'!$B$4 -> 0 | C38: ='H34'!$B$5 -> 0 | D38: ='H34'!$B$6 -> 0 | E38: ='H34'!$B$7 -> 0 | F38: ='H34'!$D$5 -> 0 | G38: ='H34'!$E$5 -> 0 | H38: ='H34'!$F$5 -> 0 | I38: ='H34'!$G$5 -> 0 | J38: ='H34'!$D$9 -> 0 | K38: ='H34'!$E$9 -> 0 | L38: ='H34'!$F$9 -> 0 | M38: ='H34'!$G$9 -> 0
A39: ='H35'!$B$3 -> 35 | B39: ='H35'!$B$4 -> 0 | C39: ='H35'!$B$5 -> 0 | D39: ='H35'!$B$6 -> 0 | E39: ='H35'!$B$7 -> 0 | F39: ='H35'!$D$5 -> 0 | G39: ='H35'!$E$5 -> 0 | H39: ='H35'!$F$5 -> 0 | I39: ='H35'!$G$5 -> 0 | J39: ='H35'!$D$9 -> 0 | K39: ='H35'!$E$9 -> 0 | L39: ='H35'!$F$9 -> 0 | M39: ='H35'!$G$9 -> 0
A40: ='H36'!$B$3 -> 36 | B40: ='H36'!$B$4 -> 0 | C40: ='H36'!$B$5 -> 0 | D40: ='H36'!$B$6 -> 0 | E40: ='H36'!$B$7 -> 0 | F40: ='H36'!$D$5 -> 0 | G40: ='H36'!$E$5 -> 0 | H40: ='H36'!$F$5 -> 0 | I40: ='H36'!$G$5 -> 0 | J40: ='H36'!$D$9 -> 0 | K40: ='H36'!$E$9 -> 0 | L40: ='H36'!$F$9 -> 0 | M40: ='H36'!$G$9 -> 0
A41: ='H37'!$B$3 -> 37 | B41: ='H37'!$B$4 -> 0 | C41: ='H37'!$B$5 -> 0 | D41: ='H37'!$B$6 -> 0 | E41: ='H37'!$B$7 -> 0 | F41: ='H37'!$D$5 -> 0 | G41: ='H37'!$E$5 -> 0 | H41: ='H37'!$F$5 -> 0 | I41: ='H37'!$G$5 -> 0 | J41: ='H37'!$D$9 -> 0 | K41: ='H37'!$E$9 -> 0 | L41: ='H37'!$F$9 -> 0 | M41: ='H37'!$G$9 -> 0
A42: ='H38'!$B$3 -> 38 | B42: ='H38'!$B$4 -> 0 | C42: ='H38'!$B$5 -> 0 | D42: ='H38'!$B$6 -> 0 | E42: ='H38'!$B$7 -> 0 | F42: ='H38'!$D$5 -> 0 | G42: ='H38'!$E$5 -> 0 | H42: ='H38'!$F$5 -> 0 | I42: ='H38'!$G$5 -> 0 | J42: ='H38'!$D$9 -> 0 | K42: ='H38'!$E$9 -> 0 | L42: ='H38'!$F$9 -> 0 | M42: ='H38'!$G$9 -> 0
A43: ='H39'!$B$3 -> 39 | B43: ='H39'!$B$4 -> 0 | C43: ='H39'!$B$5 -> 0 | D43: ='H39'!$B$6 -> 0 | E43: ='H39'!$B$7 -> 0 | F43: ='H39'!$D$5 -> 0 | G43: ='H39'!$E$5 -> 0 | H43: ='H39'!$F$5 -> 0 | I43: ='H39'!$G$5 -> 0 | J43: ='H39'!$D$9 -> 0 | K43: ='H39'!$E$9 -> 0 | L43: ='H39'!$F$9 -> 0 | M43: ='H39'!$G$9 -> 0
A44: ='H40'!$B$3 -> 40 | B44: ='H40'!$B$4 -> 0 | C44: ='H40'!$B$5 -> 0 | D44: ='H40'!$B$6 -> 0 | E44: ='H40'!$B$7 -> 0 | F44: ='H40'!$D$5 -> 0 | G44: ='H40'!$E$5 -> 0 | H44: ='H40'!$F$5 -> 0 | I44: ='H40'!$G$5 -> 0 | J44: ='H40'!$D$9 -> 0 | K44: ='H40'!$E$9 -> 0 | L44: ='H40'!$F$9 -> 0 | M44: ='H40'!$G$9 -> 0
A45: ='H41'!$B$3 -> 41 | B45: ='H41'!$B$4 -> 0 | C45: ='H41'!$B$5 -> 0 | D45: ='H41'!$B$6 -> 0 | E45: ='H41'!$B$7 -> 0 | F45: ='H41'!$D$5 -> 0 | G45: ='H41'!$E$5 -> 0 | H45: ='H41'!$F$5 -> 0 | I45: ='H41'!$G$5 -> 0 | J45: ='H41'!$D$9 -> 0 | K45: ='H41'!$E$9 -> 0 | L45: ='H41'!$F$9 -> 0 | M45: ='H41'!$G$9 -> 0
A46: ='H42'!$B$3 -> 42 | B46: ='H42'!$B$4 -> 0 | C46: ='H42'!$B$5 -> 0 | D46: ='H42'!$B$6 -> 0 | E46: ='H42'!$B$7 -> 0 | F46: ='H42'!$D$5 -> 0 | G46: ='H42'!$E$5 -> 0 | H46: ='H42'!$F$5 -> 0 | I46: ='H42'!$G$5 -> 0 | J46: ='H42'!$D$9 -> 0 | K46: ='H42'!$E$9 -> 0 | L46: ='H42'!$F$9 -> 0 | M46: ='H42'!$G$9 -> 0
A47: ='H43'!$B$3 -> 43 | B47: ='H43'!$B$4 -> 0 | C47: ='H43'!$B$5 -> 0 | D47: ='H43'!$B$6 -> 0 | E47: ='H43'!$B$7 -> 0 | F47: ='H43'!$D$5 -> 0 | G47: ='H43'!$E$5 -> 0 | H47: ='H43'!$F$5 -> 0 | I47: ='H43'!$G$5 -> 0 | J47: ='H43'!$D$9 -> 0 | K47: ='H43'!$E$9 -> 0 | L47: ='H43'!$F$9 -> 0 | M47: ='H43'!$G$9 -> 0
A48: ='H44'!$B$3 -> 44 | B48: ='H44'!$B$4 -> 0 | C48: ='H44'!$B$5 -> 0 | D48: ='H44'!$B$6 -> 0 | E48: ='H44'!$B$7 -> 0 | F48: ='H44'!$D$5 -> 0 | G48: ='H44'!$E$5 -> 0 | H48: ='H44'!$F$5 -> 0 | I48: ='H44'!$G$5 -> 0 | J48: ='H44'!$D$9 -> 0 | K48: ='H44'!$E$9 -> 0 | L48: ='H44'!$F$9 -> 0 | M48: ='H44'!$G$9 -> 0
A49: ='H45'!$B$3 -> 45 | B49: ='H45'!$B$4 -> 0 | C49: ='H45'!$B$5 -> 0 | D49: ='H45'!$B$6 -> 0 | E49: ='H45'!$B$7 -> 0 | F49: ='H45'!$D$5 -> 0 | G49: ='H45'!$E$5 -> 0 | H49: ='H45'!$F$5 -> 0 | I49: ='H45'!$G$5 -> 0 | J49: ='H45'!$D$9 -> 0 | K49: ='H45'!$E$9 -> 0 | L49: ='H45'!$F$9 -> 0 | M49: ='H45'!$G$9 -> 0
A50: ='H46'!$B$3 -> 46 | B50: ='H46'!$B$4 -> 0 | C50: ='H46'!$B$5 -> 0 | D50: ='H46'!$B$6 -> 0 | E50: ='H46'!$B$7 -> 0 | F50: ='H46'!$D$5 -> 0 | G50: ='H46'!$E$5 -> 0 | H50: ='H46'!$F$5 -> 0 | I50: ='H46'!$G$5 -> 0 | J50: ='H46'!$D$9 -> 0 | K50: ='H46'!$E$9 -> 0 | L50: ='H46'!$F$9 -> 0 | M50: ='H46'!$G$9 -> 0
A51: ='H47'!$B$3 -> 47 | B51: ='H47'!$B$4 -> 0 | C51: ='H47'!$B$5 -> 0 | D51: ='H47'!$B$6 -> 0 | E51: ='H47'!$B$7 -> 0 | F51: ='H47'!$D$5 -> 0 | G51: ='H47'!$E$5 -> 0 | H51: ='H47'!$F$5 -> 0 | I51: ='H47'!$G$5 -> 0 | J51: ='H47'!$D$9 -> 0 | K51: ='H47'!$E$9 -> 0 | L51: ='H47'!$F$9 -> 0 | M51: ='H47'!$G$9 -> 0
A52: ='H48'!$B$3 -> 48 | B52: ='H48'!$B$4 -> 0 | C52: ='H48'!$B$5 -> 0 | D52: ='H48'!$B$6 -> 0 | E52: ='H48'!$B$7 -> 0 | F52: ='H48'!$D$5 -> 0 | G52: ='H48'!$E$5 -> 0 | H52: ='H48'!$F$5 -> 0 | I52: ='H48'!$G$5 -> 0 | J52: ='H48'!$D$9 -> 0 | K52: ='H48'!$E$9 -> 0 | L52: ='H48'!$F$9 -> 0 | M52: ='H48'!$G$9 -> 0
A53: ='H49'!$B$3 -> 49 | B53: ='H49'!$B$4 -> 0 | C53: ='H49'!$B$5 -> 0 | D53: ='H49'!$B$6 -> 0 | E53: ='H49'!$B$7 -> 0 | F53: ='H49'!$D$5 -> 0 | G53: ='H49'!$E$5 -> 0 | H53: ='H49'!$F$5 -> 0 | I53: ='H49'!$G$5 -> 0 | J53: ='H49'!$D$9 -> 0 | K53: ='H49'!$E$9 -> 0 | L53: ='H49'!$F$9 -> 0 | M53: ='H49'!$G$9 -> 0
A54: ='H50'!$B$3 -> 50 | B54: ='H50'!$B$4 -> 0 | C54: ='H50'!$B$5 -> 0 | D54: ='H50'!$B$6 -> 0 | E54: ='H50'!$B$7 -> 0 | F54: ='H50'!$D$5 -> 0 | G54: ='H50'!$E$5 -> 0 | H54: ='H50'!$F$5 -> 0 | I54: ='H50'!$G$5 -> 0 | J54: ='H50'!$D$9 -> 0 | K54: ='H50'!$E$9 -> 0 | L54: ='H50'!$F$9 -> 0 | M54: ='H50'!$G$9 -> 0
A55: ='H51'!$B$3 -> 51 | B55: ='H51'!$B$4 -> 0 | C55: ='H51'!$B$5 -> 0 | D55: ='H51'!$B$6 -> 0 | E55: ='H51'!$B$7 -> 0 | F55: ='H51'!$D$5 -> 0 | G55: ='H51'!$E$5 -> 0 | H55: ='H51'!$F$5 -> 0 | I55: ='H51'!$G$5 -> 0 | J55: ='H51'!$D$9 -> 0 | K55: ='H51'!$E$9 -> 0 | L55: ='H51'!$F$9 -> 0 | M55: ='H51'!$G$9 -> 0
A56: ='H52'!$B$3 -> 52 | B56: ='H52'!$B$4 -> 0 | C56: ='H52'!$B$5 -> 0 | D56: ='H52'!$B$6 -> 0 | E56: ='H52'!$B$7 -> 0 | F56: ='H52'!$D$5 -> 0 | G56: ='H52'!$E$5 -> 0 | H56: ='H52'!$F$5 -> 0 | I56: ='H52'!$G$5 -> 0 | J56: ='H52'!$D$9 -> 0 | K56: ='H52'!$E$9 -> 0 | L56: ='H52'!$F$9 -> 0 | M56: ='H52'!$G$9 -> 0
A57: ='H53'!$B$3 -> 53 | B57: ='H53'!$B$4 -> 0 | C57: ='H53'!$B$5 -> 0 | D57: ='H53'!$B$6 -> 0 | E57: ='H53'!$B$7 -> 0 | F57: ='H53'!$D$5 -> 0 | G57: ='H53'!$E$5 -> 0 | H57: ='H53'!$F$5 -> 0 | I57: ='H53'!$G$5 -> 0 | J57: ='H53'!$D$9 -> 0 | K57: ='H53'!$E$9 -> 0 | L57: ='H53'!$F$9 -> 0 | M57: ='H53'!$G$9 -> 0
A58: ='H54'!$B$3 -> 54 | B58: ='H54'!$B$4 -> 0 | C58: ='H54'!$B$5 -> 0 | D58: ='H54'!$B$6 -> 0 | E58: ='H54'!$B$7 -> 0 | F58: ='H54'!$D$5 -> 0 | G58: ='H54'!$E$5 -> 0 | H58: ='H54'!$F$5 -> 0 | I58: ='H54'!$G$5 -> 0 | J58: ='H54'!$D$9 -> 0 | K58: ='H54'!$E$9 -> 0 | L58: ='H54'!$F$9 -> 0 | M58: ='H54'!$G$9 -> 0
A59: ='H55'!$B$3 -> 55 | B59: ='H55'!$B$4 -> 0 | C59: ='H55'!$B$5 -> 0 | D59: ='H55'!$B$6 -> 0 | E59: ='H55'!$B$7 -> 0 | F59: ='H55'!$D$5 -> 0 | G59: ='H55'!$E$5 -> 0 | H59: ='H55'!$F$5 -> 0 | I59: ='H55'!$G$5 -> 0 | J59: ='H55'!$D$9 -> 0 | K59: ='H55'!$E$9 -> 0 | L59: ='H55'!$F$9 -> 0 | M59: ='H55'!$G$9 -> 0
A60: ='H56'!$B$3 -> 56 | B60: ='H56'!$B$4 -> 0 | C60: ='H56'!$B$5 -> 0 | D60: ='H56'!$B$6 -> 0 | E60: ='H56'!$B$7 -> 0 | F60: ='H56'!$D$5 -> 0 | G60: ='H56'!$E$5 -> 0 | H60: ='H56'!$F$5 -> 0 | I60: ='H56'!$G$5 -> 0 | J60: ='H56'!$D$9 -> 0 | K60: ='H56'!$E$9 -> 0 | L60: ='H56'!$F$9 -> 0 | M60: ='H56'!$G$9 -> 0
A61: ='H57'!$B$3 -> 57 | B61: ='H57'!$B$4 -> 0 | C61: ='H57'!$B$5 -> 0 | D61: ='H57'!$B$6 -> 0 | E61: ='H57'!$B$7 -> 0 | F61: ='H57'!$D$5 -> 0 | G61: ='H57'!$E$5 -> 0 | H61: ='H57'!$F$5 -> 0 | I61: ='H57'!$G$5 -> 0 | J61: ='H57'!$D$9 -> 0 | K61: ='H57'!$E$9 -> 0 | L61: ='H57'!$F$9 -> 0 | M61: ='H57'!$G$9 -> 0
A62: ='H58'!$B$3 -> 58 | B62: ='H58'!$B$4 -> 0 | C62: ='H58'!$B$5 -> 0 | D62: ='H58'!$B$6 -> 0 | E62: ='H58'!$B$7 -> 0 | F62: ='H58'!$D$5 -> 0 | G62: ='H58'!$E$5 -> 0 | H62: ='H58'!$F$5 -> 0 | I62: ='H58'!$G$5 -> 0 | J62: ='H58'!$D$9 -> 0 | K62: ='H58'!$E$9 -> 0 | L62: ='H58'!$F$9 -> 0 | M62: ='H58'!$G$9 -> 0
A63: ='H59'!$B$3 -> 59 | B63: ='H59'!$B$4 -> 0 | C63: ='H59'!$B$5 -> 0 | D63: ='H59'!$B$6 -> 0 | E63: ='H59'!$B$7 -> 0 | F63: ='H59'!$D$5 -> 0 | G63: ='H59'!$E$5 -> 0 | H63: ='H59'!$F$5 -> 0 | I63: ='H59'!$G$5 -> 0 | J63: ='H59'!$D$9 -> 0 | K63: ='H59'!$E$9 -> 0 | L63: ='H59'!$F$9 -> 0 | M63: ='H59'!$G$9 -> 0
A64: ='H60'!$B$3 -> 60 | B64: ='H60'!$B$4 -> 0 | C64: ='H60'!$B$5 -> 0 | D64: ='H60'!$B$6 -> 0 | E64: ='H60'!$B$7 -> 0 | F64: ='H60'!$D$5 -> 0 | G64: ='H60'!$E$5 -> 0 | H64: ='H60'!$F$5 -> 0 | I64: ='H60'!$G$5 -> 0 | J64: ='H60'!$D$9 -> 0 | K64: ='H60'!$E$9 -> 0 | L64: ='H60'!$F$9 -> 0 | M64: ='H60'!$G$9 -> 0
A65: ='H61'!$B$3 -> 61 | B65: ='H61'!$B$4 -> 0 | C65: ='H61'!$B$5 -> 0 | D65: ='H61'!$B$6 -> 0 | E65: ='H61'!$B$7 -> 0 | F65: ='H61'!$D$5 -> 0 | G65: ='H60'!$E$5 -> 0 | H65: ='H60'!$F$5 -> 0 | I65: ='H60'!$G$5 -> 0 | J65: ='H60'!$D$9 -> 0 | K65: ='H60'!$E$9 -> 0 | L65: ='H60'!$F$9 -> 0 | M65: ='H60'!$G$9 -> 0
A66: ='H62'!$B$3 -> 62 | B66: ='H62'!$B$4 -> 0 | C66: ='H62'!$B$5 -> 0 | D66: ='H62'!$B$6 -> 0 | E66: ='H62'!$B$7 -> 0 | F66: ='H62'!$D$9 -> 0 | G66: ='H60'!$E$5 -> 0 | H66: ='H60'!$F$5 -> 0 | I66: ='H60'!$G$5 -> 0 | J66: ='H60'!$D$9 -> 0 | K66: ='H60'!$E$9 -> 0 | L66: ='H60'!$F$9 -> 0 | M66: ='H60'!$G$9 -> 0
A67: ='H63'!$B$3 -> 63 | B67: ='H63'!$B$4 -> 0 | C67: ='H63'!$B$5 -> 0 | D67: ='H63'!$B$6 -> 0 | E67: ='H63'!$B$7 -> 0 | F67: ='H60'!$D$5 -> 0 | G67: ='H60'!$E$5 -> 0 | H67: ='H60'!$F$5 -> 0 | I67: ='H60'!$G$5 -> 0 | J67: ='H60'!$D$9 -> 0 | K67: ='H60'!$E$9 -> 0 | L67: ='H60'!$F$9 -> 0 | M67: ='H60'!$G$9 -> 0
A68: ='H64'!$B$3 -> 64 | B68: ='H64'!$B$4 -> 0 | C68: ='H64'!$B$5 -> 0 | D68: ='H64'!$B$6 -> 0 | E68: ='H64'!$B$7 -> 0 | F68: ='H60'!$D$5 -> 0 | G68: ='H60'!$E$5 -> 0 | H68: ='H60'!$F$5 -> 0 | I68: ='H60'!$G$5 -> 0 | J68: ='H60'!$D$9 -> 0 | K68: ='H60'!$E$9 -> 0 | L68: ='H60'!$F$9 -> 0 | M68: ='H60'!$G$9 -> 0
A69: ='H65'!$B$3 -> 65 | B69: ='H65'!$B$4 -> 0 | C69: ='H65'!$B$5 -> 0 | D69: ='H65'!$B$6 -> 0 | E69: ='H65'!$B$7 -> 0 | F69: ='H60'!$D$5 -> 0 | G69: ='H60'!$E$5 -> 0 | H69: ='H60'!$F$5 -> 0 | I69: ='H60'!$G$5 -> 0 | J69: ='H60'!$D$9 -> 0 | K69: ='H60'!$E$9 -> 0 | L69: ='H60'!$F$9 -> 0 | M69: ='H60'!$G$9 -> 0
A70: ='H66'!$B$3 -> 66 | B70: ='H66'!$B$4 -> 0 | C70: ='H66'!$B$5 -> 0 | D70: ='H66'!$B$6 -> 0 | E70: ='H66'!$B$7 -> 0 | F70: ='H60'!$D$5 -> 0 | G70: ='H60'!$E$5 -> 0 | H70: ='H60'!$F$5 -> 0 | I70: ='H60'!$G$5 -> 0 | J70: ='H60'!$D$9 -> 0 | K70: ='H60'!$E$9 -> 0 | L70: ='H60'!$F$9 -> 0 | M70: ='H60'!$G$9 -> 0
A71: ='H67'!$B$3 -> 67 | B71: ='H67'!$B$4 -> 0 | C71: ='H67'!$B$5 -> 0 | D71: ='H67'!$B$6 -> 0 | E71: ='H67'!$B$7 -> 0 | F71: ='H60'!$D$5 -> 0 | G71: ='H60'!$E$5 -> 0 | H71: ='H60'!$F$5 -> 0 | I71: ='H60'!$G$5 -> 0 | J71: ='H60'!$D$9 -> 0 | K71: ='H60'!$E$9 -> 0 | L71: ='H60'!$F$9 -> 0 | M71: ='H60'!$G$9 -> 0
A72: ='H68'!$B$3 -> 68 | B72: ='H80'!$B$4 -> 0 | C72: ='H68'!$B$5 -> 0 | D72: ='H68'!$B$6 -> 0 | E72: ='H68'!$B$7 -> 0 | F72: ='H60'!$D$5 -> 0 | G72: ='H60'!$E$5 -> 0 | H72: ='H60'!$F$5 -> 0 | I72: ='H60'!$G$5 -> 0 | J72: ='H60'!$D$9 -> 0 | K72: ='H60'!$E$9 -> 0 | L72: ='H60'!$F$9 -> 0 | M72: ='H60'!$G$9 -> 0
A73: ='H69'!$B$3 -> 69 | B73: ='H69'!$B$4 -> 0 | C73: ='H69'!$B$5 -> 0 | D73: ='H69'!$B$6 -> 0 | E73: ='H69'!$B$7 -> 0 | F73: ='H60'!$D$5 -> 0 | G73: ='H60'!$E$5 -> 0 | H73: ='H60'!$F$5 -> 0 | I73: ='H60'!$G$5 -> 0 | J73: ='H60'!$D$9 -> 0 | K73: ='H60'!$E$9 -> 0 | L73: ='H60'!$F$9 -> 0 | M73: ='H60'!$G$9 -> 0
A74: ='H70'!$B$3 -> 70 | B74: ='H70'!$B$4 -> 0 | C74: ='H70'!$B$5 -> 0 | D74: ='H70'!$B$6 -> 0 | E74: ='H70'!$B$7 -> 0 | F74: ='H60'!$D$5 -> 0 | G74: ='H60'!$E$5 -> 0 | H74: ='H60'!$F$5 -> 0 | I74: ='H60'!$G$5 -> 0 | J74: ='H60'!$D$9 -> 0 | K74: ='H60'!$E$9 -> 0 | L74: ='H60'!$F$9 -> 0 | M74: ='H60'!$G$9 -> 0
A75: ='H71'!$B$3 -> 71 | B75: ='H71'!$B$4 -> 0 | C75: ='H71'!$B$5 -> 0 | D75: ='H71'!$B$6 -> 0 | E75: ='H71'!$B$7 -> 0 | F75: ='H60'!$D$5 -> 0 | G75: ='H60'!$E$5 -> 0 | H75: ='H60'!$F$5 -> 0 | I75: ='H60'!$G$5 -> 0 | J75: ='H60'!$D$9 -> 0 | K75: ='H60'!$E$9 -> 0 | L75: ='H60'!$F$9 -> 0 | M75: ='H60'!$G$9 -> 0
A76: ='H72'!$B$3 -> 72 | B76: ='H72'!$B$4 -> 0 | C76: ='H72'!$B$5 -> 0 | D76: ='H72'!$B$6 -> 0 | E76: ='H72'!$B$7 -> 0 | F76: ='H60'!$D$5 -> 0 | G76: ='H60'!$E$5 -> 0 | H76: ='H60'!$F$5 -> 0 | I76: ='H60'!$G$5 -> 0 | J76: ='H60'!$D$9 -> 0 | K76: ='H60'!$E$9 -> 0 | L76: ='H60'!$F$9 -> 0 | M76: ='H60'!$G$9 -> 0
A77: ='H73'!$B$3 -> 73 | B77: ='H73'!$B$4 -> 0 | C77: ='H73'!$B$5 -> 0 | D77: ='H73'!$B$6 -> 0 | E77: ='H73'!$B$7 -> 0 | F77: ='H60'!$D$5 -> 0 | G77: ='H60'!$E$5 -> 0 | H77: ='H60'!$F$5 -> 0 | I77: ='H60'!$G$5 -> 0 | J77: ='H60'!$D$9 -> 0 | K77: ='H60'!$E$9 -> 0 | L77: ='H60'!$F$9 -> 0 | M77: ='H60'!$G$9 -> 0
A78: ='H74'!$B$3 -> 74 | B78: ='H74'!$B$4 -> 0 | C78: ='H74'!$B$5 -> 0 | D78: ='H74'!$B$6 -> 0 | E78: ='H74'!$B$7 -> 0 | F78: ='H60'!$D$5 -> 0 | G78: ='H60'!$E$5 -> 0 | H78: ='H60'!$F$5 -> 0 | I78: ='H60'!$G$5 -> 0 | J78: ='H60'!$D$9 -> 0 | K78: ='H60'!$E$9 -> 0 | L78: ='H60'!$F$9 -> 0 | M78: ='H60'!$G$9 -> 0
A79: ='H75'!$B$3 -> 75 | B79: ='H75'!$B$4 -> 0 | C79: ='H75'!$B$5 -> 0 | D79: ='H75'!$B$6 -> 0 | E79: ='H75'!$B$7 -> 0 | F79: ='H60'!$D$5 -> 0 | G79: ='H60'!$E$5 -> 0 | H79: ='H60'!$F$5 -> 0 | I79: ='H60'!$G$5 -> 0 | J79: ='H60'!$D$9 -> 0 | K79: ='H60'!$E$9 -> 0 | L79: ='H60'!$F$9 -> 0 | M79: ='H60'!$G$9 -> 0
A80: ='H76'!$B$3 -> 76 | B80: ='H76'!$B$4 -> 0 | C80: ='H76'!$B$5 -> 0 | D80: ='H76'!$B$6 -> 0 | E80: ='H76'!$B$7 -> 0 | F80: ='H60'!$D$5 -> 0 | G80: ='H60'!$E$5 -> 0 | H80: ='H60'!$F$5 -> 0 | I80: ='H60'!$G$5 -> 0 | J80: ='H60'!$D$9 -> 0 | K80: ='H60'!$E$9 -> 0 | L80: ='H60'!$F$9 -> 0 | M80: ='H60'!$G$9 -> 0
A81: ='H77'!$B$3 -> 77 | B81: ='H77'!$B$4 -> 0 | C81: ='H77'!$B$5 -> 0 | D81: ='H77'!$B$6 -> 0 | E81: ='H77'!$B$7 -> 0 | F81: ='H60'!$D$5 -> 0 | G81: ='H60'!$E$5 -> 0 | H81: ='H60'!$F$5 -> 0 | I81: ='H60'!$G$5 -> 0 | J81: ='H60'!$D$9 -> 0 | K81: ='H60'!$E$9 -> 0 | L81: ='H60'!$F$9 -> 0 | M81: ='H60'!$G$9 -> 0
A82: ='H78'!$B$3 -> 78 | B82: ='H78'!$B$4 -> 0 | C82: ='H78'!$B$5 -> 0 | D82: ='H78'!$B$6 -> 0 | E82: ='H78'!$B$7 -> 0 | F82: ='H60'!$D$5 -> 0 | G82: ='H60'!$E$5 -> 0 | H82: ='H60'!$F$5 -> 0 | I82: ='H60'!$G$5 -> 0 | J82: ='H60'!$D$9 -> 0 | K82: ='H60'!$E$9 -> 0 | L82: ='H60'!$F$9 -> 0 | M82: ='H60'!$G$9 -> 0
A83: ='H79'!$B$3 -> 79 | B83: ='H79'!$B$4 -> 0 | C83: ='H79'!$B$5 -> 0 | D83: ='H79'!$B$6 -> 0 | E83: ='H79'!$B$7 -> 0 | F83: ='H60'!$D$5 -> 0 | G83: ='H60'!$E$5 -> 0 | H83: ='H60'!$F$5 -> 0 | I83: ='H60'!$G$5 -> 0 | J83: ='H60'!$D$9 -> 0 | K83: ='H60'!$E$9 -> 0 | L83: ='H60'!$F$9 -> 0 | M83: ='H60'!$G$9 -> 0
A84: ='H80'!$B$3 -> 80 | B84: ='H80'!$B$4 -> 0 | C84: ='H80'!$B$5 -> 0 | D84: ='H80'!$B$6 -> 0 | E84: ='H80'!$B$7 -> 0 | F84: ='H60'!$D$5 -> 0 | G84: ='H60'!$E$5 -> 0 | H84: ='H60'!$F$5 -> 0 | I84: ='H60'!$G$5 -> 0 | J84: ='H60'!$D$9 -> 0 | K84: ='H60'!$E$9 -> 0 | L84: ='H60'!$F$9 -> 0 | M84: ='H60'!$G$9 -> 0

Sheet H1
A3: N° DE HALLAZGO | B3: 1 | D3: REALIZACION DE LOS AJUSTES
A4: RECURSO | B4: CF | D4: AJUSTE COMPLETO | E4: AJUSTE PARCIAL | F4: NO SE HIZO AJUSTE | G4: OBSERVACIONES
A5: DESCRIPCION DEL HALLAZGO | B5: Reemplazar palabras mayúsculas en recuadros por minúsculas
A6: TIPO DE HALLAZGO | B6: Maquetación
A7: RUTA | B7: 1.1 Evolución tecnológica en la seguridad privada | D7: REVISION DE LOS AJUSTES
D8: AJUSTE REALIZADO | E8: CON PENDENTES | F8: AJUSTE NO REALIZADO | G8: OBSERVACIONES
A13: EVIDENCIAS
A14: HTML | C14: GUION O XD

Sheet H2
A3: N° DE HALLAZGO | B3: 2 | D3: REALIZACION DE LOS AJUSTES
A4: RECURSO | B4: CF | D4: AJUSTE COMPLETO | E4: AJUSTE PARCIAL | F4: NO SE HIZO AJUSTE | G4: OBSERVACIONES
A5: DESCRIPCION DEL HALLAZGO | B5: Falta entralazar el pódcast correspondiente
A6: TIPO DE HALLAZGO | B6: Maquetación
A7: RUTA | B7: 1.2 Transformación tecnológica del mercado de seguridad privada | D7: REVISION DE LOS AJUSTES
D8: AJUSTE REALIZADO | E8: CON PENDENTES | F8: AJUSTE NO REALIZADO | G8: OBSERVACIONES
A13: EVIDENCIAS
A14: HTML | C14: GUION O XD

Sheet H3
A3: N° DE HALLAZGO | B3: 3 | D3: REALIZACION DE LOS AJUSTES
A4: RECURSO | B4: CF | D4: AJUSTE COMPLETO | E4: AJUSTE PARCIAL | F4: NO SE HIZO AJUSTE | G4: OBSERVACIONES
A5: DESCRIPCION DEL HALLAZGO | B5: Suprimir palabra en recuadro
A6: TIPO DE HALLAZGO | B6: Maquetación
A7: RUTA | B7: 1.7 Analítica de datos, blockchain e inteligencia geoespacial | D7: REVISION DE LOS AJUSTES
D8: AJUSTE REALIZADO | E8: CON PENDENTES | F8: AJUSTE NO REALIZADO | G8: OBSERVACIONES
A13: EVIDENCIAS
A14: HTML | C14: GUION O XD

Sheet H4
A3: N° DE HALLAZGO | B3: 4 | D3: REALIZACION DE LOS AJUSTES
A4: RECURSO | B4: CF | D4: AJUSTE COMPLETO | E4: AJUSTE PARCIAL | F4: NO SE HIZO AJUSTE | G4: OBSERVACIONES
A5: DESCRIPCION DEL HALLAZGO | B5: Adicionar palabra en recuadro "de los"
A6: TIPO DE HALLAZGO | B6: Maquetación
A7: RUTA | B7: 2 Sistemas, equipos y conexiones para la videovigilancia | D7: REVISION DE LOS AJUSTES
D8: AJUSTE REALIZADO | E8: CON PENDENTES | F8: AJUSTE NO REALIZADO | G8: OBSERVACIONES
A13: EVIDENCIAS
A14: HTML | C14: GUION O XD

Sheet H5
A3: N° DE HALLAZGO | B3: 5 | D3: REALIZACION DE LOS AJUSTES
A4: RECURSO | B4: CF | D4: AJUSTE COMPLETO | E4: AJUSTE PARCIAL | F4: NO SE HIZO AJUSTE | G4: OBSERVACIONES
A5: DESCRIPCION DEL HALLAZGO | B5: Reemplazar plabras en recuadros por itálica
A6: TIPO DE HALLAZGO | B6: Maquetación
A7: RUTA | B7: 2.1 Sistemas de circuito cerrado de televisión (CCTV) | D7: REVISION DE LOS AJUSTES
D8: AJUSTE REALIZADO | E8: CON PENDENTES | F8: AJUSTE NO REALIZADO | G8: OBSERVACIONES
A13: EVIDENCIAS
A14: HTML | C14: GUION O XD

Sheet H6
A3: N° DE HALLAZGO | B3: 6 | D3: REALIZACION DE LOS AJUSTES
A4: RECURSO | B4: CF | D4: AJUSTE COMPLETO | E4: AJUSTE PARCIAL | F4: NO SE HIZO AJUSTE | G4: OBSERVACIONES
A5: DESCRIPCION DEL HALLAZGO | B5: Reemplazar plabras en recuadros por itálica
A6: TIPO DE HALLAZGO | B6: Maquetación
A7: RUTA | B7: 2.2 Tipos de cámaras de videovigilancia | D7: REVISION DE LOS AJUSTES
D8: AJUSTE REALIZADO | E8: CON PENDENTES | F8: AJUSTE NO REALIZADO | G8: OBSERVACIONES
A13: EVIDENCIAS
A14: HTML | C14: GUION O XD

Sheet H7
A3: N° DE HALLAZGO | B3: 7 | D3: REALIZACION DE LOS AJUSTES
A4: RECURSO | B4: CF | D4: AJUSTE COMPLETO | E4: AJUSTE PARCIAL | F4: NO SE HIZO AJUSTE | G4: OBSERVACIONES
A5: DESCRIPCION DEL HALLAZGO | B5: Suprimir palabra en recuadro
A6: TIPO DE HALLAZGO | B6: Maquetación
A7: RUTA | B7: 2.3 Parámetros técnicos para la selección de cámaras | D7: REVISION DE LOS AJUSTES
D8: AJUSTE REALIZADO | E8: CON PENDENTES | F8: AJUSTE NO REALIZADO | G8: OBSERVACIONES
A13: EVIDENCIAS
A14: HTML | C14: GUION O XD

Sheet H8
A3: N° DE HALLAZGO | B3: 8 | D3: REALIZACION DE LOS AJUSTES
A4: RECURSO | B4: CF | D4: AJUSTE COMPLETO | E4: AJUSTE PARCIAL | F4: NO SE HIZO AJUSTE | G4: OBSERVACIONES
A5: DESCRIPCION DEL HALLAZGO | B5: Reemplazar plabras en recuadros por itálica
A6: TIPO DE HALLAZGO | B6: Maquetación
A7: RUTA | B7: 2.3 Parámetros técnicos para la selección de cámaras | D7: REVISION DE LOS AJUSTES
D8: AJUSTE REALIZADO | E8: CON PENDENTES | F8: AJUSTE NO REALIZADO | G8: OBSERVACIONES
A13: EVIDENCIAS
A14: HTML | C14: GUION O XD

Sheet H9
A3: N° DE HALLAZGO | B3: 9 | D3: REALIZACION DE LOS AJUSTES
A4: RECURSO | B4: CF | D4: AJUSTE COMPLETO | E4: AJUSTE PARCIAL | F4: NO SE HIZO AJUSTE | G4: OBSERVACIONES
A5: DESCRIPCION DEL HALLAZGO | B5: Reemplazar plabras en recuadros por itálica
A6: TIPO DE HALLAZGO | B6: Maquetación
A7: RUTA | B7: 2.4 Sistemas de grabación y almacenamiento | D7: REVISION DE LOS AJUSTES
D8: AJUSTE REALIZADO | E8: CON PENDENTES | F8: AJUSTE NO REALIZADO | G8: OBSERVACIONES
A13: EVIDENCIAS
A14: HTML | C14: GUION O XD

Sheet H10
A3: N° DE HALLAZGO | B3: 10 | D3: REALIZACION DE LOS AJUSTES
A4: RECURSO | B4: CF | D4: AJUSTE COMPLETO | E4: AJUSTE PARCIAL | F4: NO SE HIZO AJUSTE | G4: OBSERVACIONES
A5: DESCRIPCION DEL HALLAZGO | B5: Falta entralazar el video corresponidente
A6: TIPO DE HALLAZGO | B6: maquetación
A7: RUTA | B7: 3 Plan de seguridad | D7: REVISION DE LOS AJUSTES
D8: AJUSTE REALIZADO | E8: CON PENDENTES | F8: AJUSTE NO REALIZADO | G8: OBSERVACIONES
A13: EVIDENCIAS
A14: HTML | C14: GUION O XD

Sheet H11
A3: N° DE HALLAZGO | B3: 11 | D3: REALIZACION DE LOS AJUSTES
A4: RECURSO | B4: CF | D4: AJUSTE COMPLETO | E4: AJUSTE PARCIAL | F4: NO SE HIZO AJUSTE | G4: OBSERVACIONES
A5: DESCRIPCION DEL HALLAZGO | B5: 1. Reemplazar puuaciónr ecuadro "," 2. Reemplazar palabra en recuadro "los" 3. Reemplazar puntuación en recuadro ";" 4. Reemplazar palabra en recuadro "estudiados"
A6: TIPO DE HALLAZGO | B6: Maquetación
A7: RUTA | B7: 3.2 Alcance, características y elementos del plan | D7: REVISION DE LOS AJUSTES
D8: AJUSTE REALIZADO | E8: CON PENDENTES | F8: AJUSTE NO REALIZADO | G8: OBSERVACIONES
A13: EVIDENCIAS
A14: HTML | C14: GUION O XD

Sheet H12
A3: N° DE HALLAZGO | B3: 12 | D3: REALIZACION DE LOS AJUSTES
A4: RECURSO | B4: CF | D4: AJUSTE COMPLETO | E4: AJUSTE PARCIAL | F4: NO SE HIZO AJUSTE | G4: OBSERVACIONES
A5: DESCRIPCION DEL HALLAZGO | B5: Reemplazar palabra en recuadro "para"
A6: TIPO DE HALLAZGO | B6: Maquetación
A7: RUTA | B7: 3.7 Evaluación y mejora continua | D7: REVISION DE LOS AJUSTES
D8: AJUSTE REALIZADO | E8: CON PENDENTES | F8: AJUSTE NO REALIZADO | G8: OBSERVACIONES
A13: EVIDENCIAS
A14: HTML | C14: GUION O XD

Sheet H13
A3: N° DE HALLAZGO | B3: 13 | D3: REALIZACION DE LOS AJUSTES
A4: RECURSO | B4: CF | D4: AJUSTE COMPLETO | E4: AJUSTE PARCIAL | F4: NO SE HIZO AJUSTE | G4: OBSERVACIONES
A5: DESCRIPCION DEL HALLAZGO | B5: Enlance se encuentra roto, no funciona
A6: TIPO DE HALLAZGO | B6: Maquetación
A7: RUTA | B7: Referencia bibliográfica | D7: REVISION DE LOS AJUSTES
D8: AJUSTE REALIZADO | E8: CON PENDENTES | F8: AJUSTE NO REALIZADO | G8: OBSERVACIONES
A13: EVIDENCIAS
A14: HTML | C14: GUION O XD

Sheet H14
A3: N° DE HALLAZGO | B3: 14 | D3: REALIZACION DE LOS AJUSTES
A4: RECURSO | B4: CF | D4: AJUSTE COMPLETO | E4: AJUSTE PARCIAL | F4: NO SE HIZO AJUSTE | G4: OBSERVACIONES
A5: DESCRIPCION DEL HALLAZGO | B5: Reemplazar palabra mayúsucla en recaudro por minúsculas
A6: TIPO DE HALLAZGO | B6: Maquetación
A7: RUTA | B7: Cuestionario | D7: REVISION DE LOS AJUSTES
D8: AJUSTE REALIZADO | E8: CON PENDENTES | F8: AJUSTE NO REALIZADO | G8: OBSERVACIONES
A13: EVIDENCIAS
A14: HTML | C14: GUION O XD

Sheet H15
A3: N° DE HALLAZGO | B3: 15 | D3: REALIZACION DE LOS AJUSTES
A4: RECURSO | D4: AJUSTE COMPLETO | E4: AJUSTE PARCIAL | F4: NO SE HIZO AJUSTE | G4: OBSERVACIONES
A5: DESCRIPCION DEL HALLAZGO
A6: TIPO DE HALLAZGO
A7: RUTA | D7: REVISION DE LOS AJUSTES
D8: AJUSTE REALIZADO | E8: CON PENDENTES | F8: AJUSTE NO REALIZADO | G8: OBSERVACIONES
A13: EVIDENCIAS
A14: HTML | C14: GUION O XD

Sheet H16
A3: N° DE HALLAZGO | B3: 16 | D3: REALIZACION DE LOS AJUSTES
A4: RECURSO | D4: AJUSTE COMPLETO | E4: AJUSTE PARCIAL | F4: NO SE HIZO AJUSTE | G4: OBSERVACIONES
A5: DESCRIPCION DEL HALLAZGO
A6: TIPO DE HALLAZGO
A7: RUTA | D7: REVISION DE LOS AJUSTES
D8: AJUSTE REALIZADO | E8: CON PENDENTES | F8: AJUSTE NO REALIZADO | G8: OBSERVACIONES
A13: EVIDENCIAS
A14: HTML | C14: GUION O XD

Sheet H17
A3: N° DE HALLAZGO | B3: 17 | D3: REALIZACION DE LOS AJUSTES
A4: RECURSO | D4: AJUSTE COMPLETO | E4: AJUSTE PARCIAL | F4: NO SE HIZO AJUSTE | G4: OBSERVACIONES
A5: DESCRIPCION DEL HALLAZGO
A6: TIPO DE HALLAZGO
A7: RUTA | D7: REVISION DE LOS AJUSTES
D8: AJUSTE REALIZADO | E8: CON PENDENTES | F8: AJUSTE NO REALIZADO | G8: OBSERVACIONES
A13: EVIDENCIAS
A14: HTML | C14: GUION O XD

Sheet H18
A3: N° DE HALLAZGO | B3: 18 | D3: REALIZACION DE LOS AJUSTES
A4: RECURSO | D4: AJUSTE COMPLETO | E4: AJUSTE PARCIAL | F4: NO SE HIZO AJUSTE | G4: OBSERVACIONES
A5: DESCRIPCION DEL HALLAZGO
A6: TIPO DE HALLAZGO
A7: RUTA | D7: REVISION DE LOS AJUSTES
D8: AJUSTE REALIZADO | E8: CON PENDENTES | F8: AJUSTE NO REALIZADO | G8: OBSERVACIONES
A13: EVIDENCIAS
A14: HTML | C14: GUION O XD

Sheet H19
A3: N° DE HALLAZGO | B3: 19 | D3: REALIZACION DE LOS AJUSTES
A4: RECURSO | D4: AJUSTE COMPLETO | E4: AJUSTE PARCIAL | F4: NO SE HIZO AJUSTE | G4: OBSERVACIONES
A5: DESCRIPCION DEL HALLAZGO
A6: TIPO DE HALLAZGO
A7: RUTA | D7: REVISION DE LOS AJUSTES
D8: AJUSTE REALIZADO | E8: CON PENDENTES | F8: AJUSTE NO REALIZADO | G8: OBSERVACIONES
A13: EVIDENCIAS
A14: HTML | C14: GUION O XD

Sheet H20
A3: N° DE HALLAZGO | B3: 20 | D3: REALIZACION DE LOS AJUSTES
A4: RECURSO | D4: AJUSTE COMPLETO | E4: AJUSTE PARCIAL | F4: NO SE HIZO AJUSTE | G4: OBSERVACIONES
A5: DESCRIPCION DEL HALLAZGO
A6: TIPO DE HALLAZGO
A7: RUTA | D7: REVISION DE LOS AJUSTES
D8: AJUSTE REALIZADO | E8: CON PENDENTES | F8: AJUSTE NO REALIZADO | G8: OBSERVACIONES
A13: EVIDENCIAS
A14: HTML | C14: GUION O XD

Sheet H21
A3: N° DE HALLAZGO | B3: 21 | D3: REALIZACION DE LOS AJUSTES
A4: RECURSO | D4: AJUSTE COMPLETO | E4: AJUSTE PARCIAL | F4: NO SE HIZO AJUSTE | G4: OBSERVACIONES
A5: DESCRIPCION DEL HALLAZGO
A6: TIPO DE HALLAZGO
A7: RUTA | D7: REVISION DE LOS AJUSTES
D8: AJUSTE REALIZADO | E8: CON PENDENTES | F8: AJUSTE NO REALIZADO | G8: OBSERVACIONES
A13: EVIDENCIAS
A14: HTML | C14: GUION O XD

Sheet H22
A3: N° DE HALLAZGO | B3: 22 | D3: REALIZACION DE LOS AJUSTES
A4: RECURSO | D4: AJUSTE COMPLETO | E4: AJUSTE PARCIAL | F4: NO SE HIZO AJUSTE | G4: OBSERVACIONES
A5: DESCRIPCION DEL HALLAZGO
A6: TIPO DE HALLAZGO
A7: RUTA | D7: REVISION DE LOS AJUSTES
D8: AJUSTE REALIZADO | E8: CON PENDENTES | F8: AJUSTE NO REALIZADO | G8: OBSERVACIONES
A13: EVIDENCIAS
A14: HTML | C14: GUION O XD

Sheet H23
A3: N° DE HALLAZGO | B3: 23 | D3: REALIZACION DE LOS AJUSTES
A4: RECURSO | D4: AJUSTE COMPLETO | E4: AJUSTE PARCIAL | F4: NO SE HIZO AJUSTE | G4: OBSERVACIONES
A5: DESCRIPCION DEL HALLAZGO
A6: TIPO DE HALLAZGO
A7: RUTA | D7: REVISION DE LOS AJUSTES
D8: AJUSTE REALIZADO | E8: CON PENDENTES | F8: AJUSTE NO REALIZADO | G8: OBSERVACIONES
A13: EVIDENCIAS
A14: HTML | C14: GUION O XD

Sheet H24
A3: N° DE HALLAZGO | B3: 24 | D3: REALIZACION DE LOS AJUSTES
A4: RECURSO | D4: AJUSTE COMPLETO | E4: AJUSTE PARCIAL | F4: NO SE HIZO AJUSTE | G4: OBSERVACIONES
A5: DESCRIPCION DEL HALLAZGO
A6: TIPO DE HALLAZGO
A7: RUTA | D7: REVISION DE LOS AJUSTES
D8: AJUSTE REALIZADO | E8: CON PENDENTES | F8: AJUSTE NO REALIZADO | G8: OBSERVACIONES
A13: EVIDENCIAS
A14: HTML | C14: GUION O XD

Sheet H25
A3: N° DE HALLAZGO | B3: 25 | D3: REALIZACION DE LOS AJUSTES
A4: RECURSO | D4: AJUSTE COMPLETO | E4: AJUSTE PARCIAL | F4: NO SE HIZO AJUSTE | G4: OBSERVACIONES
A5: DESCRIPCION DEL HALLAZGO
A6: TIPO DE HALLAZGO
A7: RUTA | D7: REVISION DE LOS AJUSTES
D8: AJUSTE REALIZADO | E8: CON PENDENTES | F8: AJUSTE NO REALIZADO | G8: OBSERVACIONES
A13: EVIDENCIAS
A14: HTML | C14: GUION O XD

Sheet H26
A3: N° DE HALLAZGO | B3: 26 | D3: REALIZACION DE LOS AJUSTES
A4: RECURSO | D4: AJUSTE COMPLETO | E4: AJUSTE PARCIAL | F4: NO SE HIZO AJUSTE | G4: OBSERVACIONES
A5: DESCRIPCION DEL HALLAZGO
A6: TIPO DE HALLAZGO
A7: RUTA | D7: REVISION DE LOS AJUSTES
D8: AJUSTE REALIZADO | E8: CON PENDENTES | F8: AJUSTE NO REALIZADO | G8: OBSERVACIONES
A13: EVIDENCIAS
A14: HTML | C14: GUION O XD

Sheet H27
A3: N° DE HALLAZGO | B3: 27 | D3: REALIZACION DE LOS AJUSTES
A4: RECURSO | D4: AJUSTE COMPLETO | E4: AJUSTE PARCIAL | F4: NO SE HIZO AJUSTE | G4: OBSERVACIONES
A5: DESCRIPCION DEL HALLAZGO
A6: TIPO DE HALLAZGO
A7: RUTA | D7: REVISION DE LOS AJUSTES
D8: AJUSTE REALIZADO | E8: CON PENDENTES | F8: AJUSTE NO REALIZADO | G8: OBSERVACIONES
A13: EVIDENCIAS
A14: HTML | C14: GUION O XD

Sheet H28
A3: N° DE HALLAZGO | B3: 28 | D3: REALIZACION DE LOS AJUSTES
A4: RECURSO | D4: AJUSTE COMPLETO | E4: AJUSTE PARCIAL | F4: NO SE HIZO AJUSTE | G4: OBSERVACIONES
A5: DESCRIPCION DEL HALLAZGO
A6: TIPO DE HALLAZGO
A7: RUTA | D7: REVISION DE LOS AJUSTES
D8: AJUSTE REALIZADO | E8: CON PENDENTES | F8: AJUSTE NO REALIZADO | G8: OBSERVACIONES
A13: EVIDENCIAS
A14: HTML | C14: GUION O XD

Sheet H29
A3: N° DE HALLAZGO | B3: 29 | D3: REALIZACION DE LOS AJUSTES
A4: RECURSO | D4: AJUSTE COMPLETO | E4: AJUSTE PARCIAL | F4: NO SE HIZO AJUSTE | G4: OBSERVACIONES
A5: DESCRIPCION DEL HALLAZGO
A6: TIPO DE HALLAZGO
A7: RUTA | D7: REVISION DE LOS AJUSTES
D8: AJUSTE REALIZADO | E8: CON PENDENTES | F8: AJUSTE NO REALIZADO | G8: OBSERVACIONES
A13: EVIDENCIAS
A14: HTML | C14: GUION O XD

Sheet H30
A3: N° DE HALLAZGO | B3: 30 | D3: REALIZACION DE LOS AJUSTES
A4: RECURSO | D4: AJUSTE COMPLETO | E4: AJUSTE PARCIAL | F4: NO SE HIZO AJUSTE | G4: OBSERVACIONES
A5: DESCRIPCION DEL HALLAZGO
A6: TIPO DE HALLAZGO
A7: RUTA | D7: REVISION DE LOS AJUSTES
D8: AJUSTE REALIZADO | E8: CON PENDENTES | F8: AJUSTE NO REALIZADO | G8: OBSERVACIONES
A13: EVIDENCIAS
A14: HTML | C14: GUION O XD

Sheet H31
A3: N° DE HALLAZGO | B3: 31 | D3: REALIZACION DE LOS AJUSTES
A4: RECURSO | D4: AJUSTE COMPLETO | E4: AJUSTE PARCIAL | F4: NO SE HIZO AJUSTE | G4: OBSERVACIONES
A5: DESCRIPCION DEL HALLAZGO
A6: TIPO DE HALLAZGO
A7: RUTA | D7: REVISION DE LOS AJUSTES
D8: AJUSTE REALIZADO | E8: CON PENDENTES | F8: AJUSTE NO REALIZADO | G8: OBSERVACIONES
A13: EVIDENCIAS
A14: HTML | C14: GUION O XD

Sheet H32
A3: N° DE HALLAZGO | B3: 32 | D3: REALIZACION DE LOS AJUSTES
A4: RECURSO | D4: AJUSTE COMPLETO | E4: AJUSTE PARCIAL | F4: NO SE HIZO AJUSTE | G4: OBSERVACIONES
A5: DESCRIPCION DEL HALLAZGO
A6: TIPO DE HALLAZGO
A7: RUTA | D7: REVISION DE LOS AJUSTES
D8: AJUSTE REALIZADO | E8: CON PENDENTES | F8: AJUSTE NO REALIZADO | G8: OBSERVACIONES
A13: EVIDENCIAS
A14: HTML | C14: GUION O XD

Sheet H33
A3: N° DE HALLAZGO | B3: 33 | D3: REALIZACION DE LOS AJUSTES
A4: RECURSO | D4: AJUSTE COMPLETO | E4: AJUSTE PARCIAL | F4: NO SE HIZO AJUSTE | G4: OBSERVACIONES
A5: DESCRIPCION DEL HALLAZGO
A6: TIPO DE HALLAZGO
A7: RUTA | D7: REVISION DE LOS AJUSTES
D8: AJUSTE REALIZADO | E8: CON PENDENTES | F8: AJUSTE NO REALIZADO | G8: OBSERVACIONES
A13: EVIDENCIAS
A14: HTML | C14: GUION O XD

Sheet H34
A3: N° DE HALLAZGO | B3: 34 | D3: REALIZACION DE LOS AJUSTES
A4: RECURSO | D4: AJUSTE COMPLETO | E4: AJUSTE PARCIAL | F4: NO SE HIZO AJUSTE | G4: OBSERVACIONES
A5: DESCRIPCION DEL HALLAZGO
A6: TIPO DE HALLAZGO
A7: RUTA | D7: REVISION DE LOS AJUSTES
D8: AJUSTE REALIZADO | E8: CON PENDENTES | F8: AJUSTE NO REALIZADO | G8: OBSERVACIONES
A13: EVIDENCIAS
A14: HTML | C14: GUION O XD

Sheet H35
A3: N° DE HALLAZGO | B3: 35 | D3: REALIZACION DE LOS AJUSTES
A4: RECURSO | D4: AJUSTE COMPLETO | E4: AJUSTE PARCIAL | F4: NO SE HIZO AJUSTE | G4: OBSERVACIONES
A5: DESCRIPCION DEL HALLAZGO
A6: TIPO DE HALLAZGO
A7: RUTA | D7: REVISION DE LOS AJUSTES
D8: AJUSTE REALIZADO | E8: CON PENDENTES | F8: AJUSTE NO REALIZADO | G8: OBSERVACIONES
A13: EVIDENCIAS
A14: HTML | C14: GUION O XD

Sheet H36
A3: N° DE HALLAZGO | B3: 36 | D3: REALIZACION DE LOS AJUSTES
A4: RECURSO | D4: AJUSTE COMPLETO | E4: AJUSTE PARCIAL | F4: NO SE HIZO AJUSTE | G4: OBSERVACIONES
A5: DESCRIPCION DEL HALLAZGO
A6: TIPO DE HALLAZGO
A7: RUTA | D7: REVISION DE LOS AJUSTES
D8: AJUSTE REALIZADO | E8: CON PENDENTES | F8: AJUSTE NO REALIZADO | G8: OBSERVACIONES
A13: EVIDENCIAS
A14: HTML | C14: GUION O XD

Sheet H37
A3: N° DE HALLAZGO | B3: 37 | D3: REALIZACION DE LOS AJUSTES
A4: RECURSO | D4: AJUSTE COMPLETO | E4: AJUSTE PARCIAL | F4: NO SE HIZO AJUSTE | G4: OBSERVACIONES
A5: DESCRIPCION DEL HALLAZGO
A6: TIPO DE HALLAZGO
A7: RUTA | D7: REVISION DE LOS AJUSTES
D8: AJUSTE REALIZADO | E8: CON PENDENTES | F8: AJUSTE NO REALIZADO | G8: OBSERVACIONES
A13: EVIDENCIAS
A14: HTML | C14: GUION O XD

Sheet H38
A3: N° DE HALLAZGO | B3: 38 | D3: REALIZACION DE LOS AJUSTES
A4: RECURSO | D4: AJUSTE COMPLETO | E4: AJUSTE PARCIAL | F4: NO SE HIZO AJUSTE | G4: OBSERVACIONES
A5: DESCRIPCION DEL HALLAZGO
A6: TIPO DE HALLAZGO
A7: RUTA | D7: REVISION DE LOS AJUSTES
D8: AJUSTE REALIZADO | E8: CON PENDENTES | F8: AJUSTE NO REALIZADO | G8: OBSERVACIONES
A13: EVIDENCIAS
A14: HTML | C14: GUION O XD

Sheet H39
A3: N° DE HALLAZGO | B3: 39 | D3: REALIZACION DE LOS AJUSTES
A4: RECURSO | D4: AJUSTE COMPLETO | E4: AJUSTE PARCIAL | F4: NO SE HIZO AJUSTE | G4: OBSERVACIONES
A5: DESCRIPCION DEL HALLAZGO
A6: TIPO DE HALLAZGO
A7: RUTA | D7: REVISION DE LOS AJUSTES
D8: AJUSTE REALIZADO | E8: CON PENDENTES | F8: AJUSTE NO REALIZADO | G8: OBSERVACIONES
A13: EVIDENCIAS
A14: HTML | C14: GUION O XD

Sheet H40
A3: N° DE HALLAZGO | B3: 40 | D3: REALIZACION DE LOS AJUSTES
A4: RECURSO | D4: AJUSTE COMPLETO | E4: AJUSTE PARCIAL | F4: NO SE HIZO AJUSTE | G4: OBSERVACIONES
A5: DESCRIPCION DEL HALLAZGO
A6: TIPO DE HALLAZGO
A7: RUTA | D7: REVISION DE LOS AJUSTES
D8: AJUSTE REALIZADO | E8: CON PENDENTES | F8: AJUSTE NO REALIZADO | G8: OBSERVACIONES
A13: EVIDENCIAS
A14: HTML | C14: GUION O XD

Sheet H41
A3: N° DE HALLAZGO | B3: 41 | D3: REALIZACION DE LOS AJUSTES
A4: RECURSO | D4: AJUSTE COMPLETO | E4: AJUSTE PARCIAL | F4: NO SE HIZO AJUSTE | G4: OBSERVACIONES
A5: DESCRIPCION DEL HALLAZGO
A6: TIPO DE HALLAZGO
A7: RUTA | D7: REVISION DE LOS AJUSTES
D8: AJUSTE REALIZADO | E8: CON PENDENTES | F8: AJUSTE NO REALIZADO | G8: OBSERVACIONES
A13: EVIDENCIAS
A14: HTML | C14: GUION O XD

Sheet H42
A3: N° DE HALLAZGO | B3: 42 | D3: REALIZACION DE LOS AJUSTES
A4: RECURSO | D4: AJUSTE COMPLETO | E4: AJUSTE PARCIAL | F4: NO SE HIZO AJUSTE | G4: OBSERVACIONES
A5: DESCRIPCION DEL HALLAZGO
A6: TIPO DE HALLAZGO
A7: RUTA | D7: REVISION DE LOS AJUSTES
D8: AJUSTE REALIZADO | E8: CON PENDENTES | F8: AJUSTE NO REALIZADO | G8: OBSERVACIONES
A13: EVIDENCIAS
A14: HTML | C14: GUION O XD

Sheet H43
A3: N° DE HALLAZGO | B3: 43 | D3: REALIZACION DE LOS AJUSTES
A4: RECURSO | D4: AJUSTE COMPLETO | E4: AJUSTE PARCIAL | F4: NO SE HIZO AJUSTE | G4: OBSERVACIONES
A5: DESCRIPCION DEL HALLAZGO
A6: TIPO DE HALLAZGO
A7: RUTA | D7: REVISION DE LOS AJUSTES
D8: AJUSTE REALIZADO | E8: CON PENDENTES | F8: AJUSTE NO REALIZADO | G8: OBSERVACIONES
A13: EVIDENCIAS
A14: HTML | C14: GUION O XD

Sheet H44
A3: N° DE HALLAZGO | B3: 44 | D3: REALIZACION DE LOS AJUSTES
A4: RECURSO | D4: AJUSTE COMPLETO | E4: AJUSTE PARCIAL | F4: NO SE HIZO AJUSTE | G4: OBSERVACIONES
A5: DESCRIPCION DEL HALLAZGO
A6: TIPO DE HALLAZGO
A7: RUTA | D7: REVISION DE LOS AJUSTES
D8: AJUSTE REALIZADO | E8: CON PENDENTES | F8: AJUSTE NO REALIZADO | G8: OBSERVACIONES
A13: EVIDENCIAS
A14: HTML | C14: GUION O XD

Sheet H45
A3: N° DE HALLAZGO | B3: 45 | D3: REALIZACION DE LOS AJUSTES
A4: RECURSO | D4: AJUSTE COMPLETO | E4: AJUSTE PARCIAL | F4: NO SE HIZO AJUSTE | G4: OBSERVACIONES
A5: DESCRIPCION DEL HALLAZGO
A6: TIPO DE HALLAZGO
A7: RUTA | D7: REVISION DE LOS AJUSTES
D8: AJUSTE REALIZADO | E8: CON PENDENTES | F8: AJUSTE NO REALIZADO | G8: OBSERVACIONES
A13: EVIDENCIAS
A14: HTML | C14: GUION O XD

Sheet H46
A3: N° DE HALLAZGO | B3: 46 | D3: REALIZACION DE LOS AJUSTES
A4: RECURSO | D4: AJUSTE COMPLETO | E4: AJUSTE PARCIAL | F4: NO SE HIZO AJUSTE | G4: OBSERVACIONES
A5: DESCRIPCION DEL HALLAZGO
A6: TIPO DE HALLAZGO
A7: RUTA | D7: REVISION DE LOS AJUSTES
D8: AJUSTE REALIZADO | E8: CON PENDENTES | F8: AJUSTE NO REALIZADO | G8: OBSERVACIONES
A13: EVIDENCIAS
A14: HTML | C14: GUION O XD

Sheet H47
A3: N° DE HALLAZGO | B3: 47 | D3: REALIZACION DE LOS AJUSTES
A4: RECURSO | D4: AJUSTE COMPLETO | E4: AJUSTE PARCIAL | F4: NO SE HIZO AJUSTE | G4: OBSERVACIONES
A5: DESCRIPCION DEL HALLAZGO
A6: TIPO DE HALLAZGO
A7: RUTA | D7: REVISION DE LOS AJUSTES
D8: AJUSTE REALIZADO | E8: CON PENDENTES | F8: AJUSTE NO REALIZADO | G8: OBSERVACIONES
A13: EVIDENCIAS
A14: HTML | C14: GUION O XD

Sheet H48
A3: N° DE HALLAZGO | B3: 48 | D3: REALIZACION DE LOS AJUSTES
A4: RECURSO | D4: AJUSTE COMPLETO | E4: AJUSTE PARCIAL | F4: NO SE HIZO AJUSTE | G4: OBSERVACIONES
A5: DESCRIPCION DEL HALLAZGO
A6: TIPO DE HALLAZGO
A7: RUTA | D7: REVISION DE LOS AJUSTES
D8: AJUSTE REALIZADO | E8: CON PENDENTES | F8: AJUSTE NO REALIZADO | G8: OBSERVACIONES
A13: EVIDENCIAS
A14: HTML | C14: GUION O XD

Sheet H49
A3: N° DE HALLAZGO | B3: 49 | D3: REALIZACION DE LOS AJUSTES
A4: RECURSO | D4: AJUSTE COMPLETO | E4: AJUSTE PARCIAL | F4: NO SE HIZO AJUSTE | G4: OBSERVACIONES
A5: DESCRIPCION DEL HALLAZGO
A6: TIPO DE HALLAZGO
A7: RUTA | D7: REVISION DE LOS AJUSTES
D8: AJUSTE REALIZADO | E8: CON PENDENTES | F8: AJUSTE NO REALIZADO | G8: OBSERVACIONES
A13: EVIDENCIAS
A14: HTML | C14: GUION O XD

Sheet H50
A3: N° DE HALLAZGO | B3: 50 | D3: REALIZACION DE LOS AJUSTES
A4: RECURSO | D4: AJUSTE COMPLETO | E4: AJUSTE PARCIAL | F4: NO SE HIZO AJUSTE | G4: OBSERVACIONES
A5: DESCRIPCION DEL HALLAZGO
A6: TIPO DE HALLAZGO
A7: RUTA | D7: REVISION DE LOS AJUSTES
D8: AJUSTE REALIZADO | E8: CON PENDENTES | F8: AJUSTE NO REALIZADO | G8: OBSERVACIONES
A13: EVIDENCIAS
A14: HTML | C14: GUION O XD

Sheet H51
A3: N° DE HALLAZGO | B3: 51 | D3: REALIZACION DE LOS AJUSTES
A4: RECURSO | D4: AJUSTE COMPLETO | E4: AJUSTE PARCIAL | F4: NO SE HIZO AJUSTE | G4: OBSERVACIONES
A5: DESCRIPCION DEL HALLAZGO
A6: TIPO DE HALLAZGO
A7: RUTA | D7: REVISION DE LOS AJUSTES
D8: AJUSTE REALIZADO | E8: CON PENDENTES | F8: AJUSTE NO REALIZADO | G8: OBSERVACIONES
A13: EVIDENCIAS
A14: HTML | C14: GUION O XD

Sheet H52
A3: N° DE HALLAZGO | B3: 52 | D3: REALIZACION DE LOS AJUSTES
A4: RECURSO | D4: AJUSTE COMPLETO | E4: AJUSTE PARCIAL | F4: NO SE HIZO AJUSTE | G4: OBSERVACIONES
A5: DESCRIPCION DEL HALLAZGO
A6: TIPO DE HALLAZGO
A7: RUTA | D7: REVISION DE LOS AJUSTES
D8: AJUSTE REALIZADO | E8: CON PENDENTES | F8: AJUSTE NO REALIZADO | G8: OBSERVACIONES
A13: EVIDENCIAS
A14: HTML | C14: GUION O XD

Sheet H53
A3: N° DE HALLAZGO | B3: 53 | D3: REALIZACION DE LOS AJUSTES
A4: RECURSO | D4: AJUSTE COMPLETO | E4: AJUSTE PARCIAL | F4: NO SE HIZO AJUSTE | G4: OBSERVACIONES
A5: DESCRIPCION DEL HALLAZGO
A6: TIPO DE HALLAZGO
A7: RUTA | D7: REVISION DE LOS AJUSTES
D8: AJUSTE REALIZADO | E8: CON PENDENTES | F8: AJUSTE NO REALIZADO | G8: OBSERVACIONES
A13: EVIDENCIAS
A14: HTML | C14: GUION O XD

Sheet H54
A3: N° DE HALLAZGO | B3: 54 | D3: REALIZACION DE LOS AJUSTES
A4: RECURSO | D4: AJUSTE COMPLETO | E4: AJUSTE PARCIAL | F4: NO SE HIZO AJUSTE | G4: OBSERVACIONES
A5: DESCRIPCION DEL HALLAZGO
A6: TIPO DE HALLAZGO
A7: RUTA | D7: REVISION DE LOS AJUSTES
D8: AJUSTE REALIZADO | E8: CON PENDENTES | F8: AJUSTE NO REALIZADO | G8: OBSERVACIONES
A13: EVIDENCIAS
A14: HTML | C14: GUION O XD

Sheet H55
A3: N° DE HALLAZGO | B3: 55 | D3: REALIZACION DE LOS AJUSTES
A4: RECURSO | D4: AJUSTE COMPLETO | E4: AJUSTE PARCIAL | F4: NO SE HIZO AJUSTE | G4: OBSERVACIONES
A5: DESCRIPCION DEL HALLAZGO
A6: TIPO DE HALLAZGO
A7: RUTA | D7: REVISION DE LOS AJUSTES
D8: AJUSTE REALIZADO | E8: CON PENDENTES | F8: AJUSTE NO REALIZADO | G8: OBSERVACIONES
A13: EVIDENCIAS
A14: HTML | C14: GUION O XD

Sheet H56
A3: N° DE HALLAZGO | B3: 56 | D3: REALIZACION DE LOS AJUSTES
A4: RECURSO | D4: AJUSTE COMPLETO | E4: AJUSTE PARCIAL | F4: NO SE HIZO AJUSTE | G4: OBSERVACIONES
A5: DESCRIPCION DEL HALLAZGO
A6: TIPO DE HALLAZGO
A7: RUTA | D7: REVISION DE LOS AJUSTES
D8: AJUSTE REALIZADO | E8: CON PENDENTES | F8: AJUSTE NO REALIZADO | G8: OBSERVACIONES
A13: EVIDENCIAS
A14: HTML | C14: GUION O XD

Sheet H57
A3: N° DE HALLAZGO | B3: 57 | D3: REALIZACION DE LOS AJUSTES
A4: RECURSO | D4: AJUSTE COMPLETO | E4: AJUSTE PARCIAL | F4: NO SE HIZO AJUSTE | G4: OBSERVACIONES
A5: DESCRIPCION DEL HALLAZGO
A6: TIPO DE HALLAZGO
A7: RUTA | D7: REVISION DE LOS AJUSTES
D8: AJUSTE REALIZADO | E8: CON PENDENTES | F8: AJUSTE NO REALIZADO | G8: OBSERVACIONES
A13: EVIDENCIAS
A14: HTML | C14: GUION O XD

Sheet H58
A3: N° DE HALLAZGO | B3: 58 | D3: REALIZACION DE LOS AJUSTES
A4: RECURSO | D4: AJUSTE COMPLETO | E4: AJUSTE PARCIAL | F4: NO SE HIZO AJUSTE | G4: OBSERVACIONES
A5: DESCRIPCION DEL HALLAZGO
A6: TIPO DE HALLAZGO
A7: RUTA | D7: REVISION DE LOS AJUSTES
D8: AJUSTE REALIZADO | E8: CON PENDENTES | F8: AJUSTE NO REALIZADO | G8: OBSERVACIONES
A13: EVIDENCIAS
A14: HTML | C14: GUION O XD

Sheet H59
A3: N° DE HALLAZGO | B3: 59 | D3: REALIZACION DE LOS AJUSTES
A4: RECURSO | D4: AJUSTE COMPLETO | E4: AJUSTE PARCIAL | F4: NO SE HIZO AJUSTE | G4: OBSERVACIONES
A5: DESCRIPCION DEL HALLAZGO
A6: TIPO DE HALLAZGO
A7: RUTA | D7: REVISION DE LOS AJUSTES
D8: AJUSTE REALIZADO | E8: CON PENDENTES | F8: AJUSTE NO REALIZADO | G8: OBSERVACIONES
A13: EVIDENCIAS
A14: HTML | C14: GUION O XD

Sheet H60
A3: N° DE HALLAZGO | B3: 60 | D3: REALIZACION DE LOS AJUSTES
A4: RECURSO | D4: AJUSTE COMPLETO | E4: AJUSTE PARCIAL | F4: NO SE HIZO AJUSTE | G4: OBSERVACIONES
A5: DESCRIPCION DEL HALLAZGO
A6: TIPO DE HALLAZGO
A7: RUTA | D7: REVISION DE LOS AJUSTES
D8: AJUSTE REALIZADO | E8: CON PENDENTES | F8: AJUSTE NO REALIZADO | G8: OBSERVACIONES
A13: EVIDENCIAS
A14: HTML | C14: GUION O XD

Sheet H61
A3: N° DE HALLAZGO | B3: 61 | D3: REALIZACION DE LOS AJUSTES
A4: RECURSO | D4: AJUSTE COMPLETO | E4: AJUSTE PARCIAL | F4: NO SE HIZO AJUSTE | G4: OBSERVACIONES
A5: DESCRIPCION DEL HALLAZGO
A6: TIPO DE HALLAZGO
A7: RUTA | D7: REVISION DE LOS AJUSTES
D8: AJUSTE REALIZADO | E8: CON PENDENTES | F8: AJUSTE NO REALIZADO | G8: OBSERVACIONES
A13: EVIDENCIAS
A14: HTML | C14: GUION O XD

Sheet H62
A3: N° DE HALLAZGO | B3: 62 | D3: REALIZACION DE LOS AJUSTES
A4: RECURSO | D4: AJUSTE COMPLETO | E4: AJUSTE PARCIAL | F4: NO SE HIZO AJUSTE | G4: OBSERVACIONES
A5: DESCRIPCION DEL HALLAZGO
A6: TIPO DE HALLAZGO
A7: RUTA | D7: REVISION DE LOS AJUSTES
D8: AJUSTE REALIZADO | E8: CON PENDENTES | F8: AJUSTE NO REALIZADO | G8: OBSERVACIONES
A13: EVIDENCIAS
A14: HTML | C14: GUION O XD

Sheet H63
A3: N° DE HALLAZGO | B3: 63 | D3: REALIZACION DE LOS AJUSTES
A4: RECURSO | D4: AJUSTE COMPLETO | E4: AJUSTE PARCIAL | F4: NO SE HIZO AJUSTE | G4: OBSERVACIONES
A5: DESCRIPCION DEL HALLAZGO
A6: TIPO DE HALLAZGO
A7: RUTA | D7: REVISION DE LOS AJUSTES
D8: AJUSTE REALIZADO | E8: CON PENDENTES | F8: AJUSTE NO REALIZADO | G8: OBSERVACIONES
A13: EVIDENCIAS
A14: HTML | C14: GUION O XD

Sheet H64
A3: N° DE HALLAZGO | B3: 64 | D3: REALIZACION DE LOS AJUSTES
A4: RECURSO | D4: AJUSTE COMPLETO | E4: AJUSTE PARCIAL | F4: NO SE HIZO AJUSTE | G4: OBSERVACIONES
A5: DESCRIPCION DEL HALLAZGO
A6: TIPO DE HALLAZGO
A7: RUTA | D7: REVISION DE LOS AJUSTES
D8: AJUSTE REALIZADO | E8: CON PENDENTES | F8: AJUSTE NO REALIZADO | G8: OBSERVACIONES
A13: EVIDENCIAS
A14: HTML | C14: GUION O XD

Sheet H65
A3: N° DE HALLAZGO | B3: 65 | D3: REALIZACION DE LOS AJUSTES
A4: RECURSO | D4: AJUSTE COMPLETO | E4: AJUSTE PARCIAL | F4: NO SE HIZO AJUSTE | G4: OBSERVACIONES
A5: DESCRIPCION DEL HALLAZGO
A6: TIPO DE HALLAZGO
A7: RUTA | D7: REVISION DE LOS AJUSTES
D8: AJUSTE REALIZADO | E8: CON PENDENTES | F8: AJUSTE NO REALIZADO | G8: OBSERVACIONES
A13: EVIDENCIAS
A14: HTML | C14: GUION O XD

Sheet H66
A3: N° DE HALLAZGO | B3: 66 | D3: REALIZACION DE LOS AJUSTES
A4: RECURSO | D4: AJUSTE COMPLETO | E4: AJUSTE PARCIAL | F4: NO SE HIZO AJUSTE | G4: OBSERVACIONES
A5: DESCRIPCION DEL HALLAZGO
A6: TIPO DE HALLAZGO
A7: RUTA | D7: REVISION DE LOS AJUSTES
D8: AJUSTE REALIZADO | E8: CON PENDENTES | F8: AJUSTE NO REALIZADO | G8: OBSERVACIONES
A13: EVIDENCIAS
A14: HTML | C14: GUION O XD

Sheet H67
A3: N° DE HALLAZGO | B3: 67 | D3: REALIZACION DE LOS AJUSTES
A4: RECURSO | D4: AJUSTE COMPLETO | E4: AJUSTE PARCIAL | F4: NO SE HIZO AJUSTE | G4: OBSERVACIONES
A5: DESCRIPCION DEL HALLAZGO
A6: TIPO DE HALLAZGO
A7: RUTA | D7: REVISION DE LOS AJUSTES
D8: AJUSTE REALIZADO | E8: CON PENDENTES | F8: AJUSTE NO REALIZADO | G8: OBSERVACIONES
A13: EVIDENCIAS
A14: HTML | C14: GUION O XD

Sheet H68
A3: N° DE HALLAZGO | B3: 68 | D3: REALIZACION DE LOS AJUSTES
A4: RECURSO | D4: AJUSTE COMPLETO | E4: AJUSTE PARCIAL | F4: NO SE HIZO AJUSTE | G4: OBSERVACIONES
A5: DESCRIPCION DEL HALLAZGO
A6: TIPO DE HALLAZGO
A7: RUTA | D7: REVISION DE LOS AJUSTES
D8: AJUSTE REALIZADO | E8: CON PENDENTES | F8: AJUSTE NO REALIZADO | G8: OBSERVACIONES
A13: EVIDENCIAS
A14: HTML | C14: GUION O XD

Sheet H69
A3: N° DE HALLAZGO | B3: 69 | D3: REALIZACION DE LOS AJUSTES
A4: RECURSO | D4: AJUSTE COMPLETO | E4: AJUSTE PARCIAL | F4: NO SE HIZO AJUSTE | G4: OBSERVACIONES
A5: DESCRIPCION DEL HALLAZGO
A6: TIPO DE HALLAZGO
A7: RUTA | D7: REVISION DE LOS AJUSTES
D8: AJUSTE REALIZADO | E8: CON PENDENTES | F8: AJUSTE NO REALIZADO | G8: OBSERVACIONES
A13: EVIDENCIAS
A14: HTML | C14: GUION O XD

Sheet H70
A3: N° DE HALLAZGO | B3: 70 | D3: REALIZACION DE LOS AJUSTES
A4: RECURSO | D4: AJUSTE COMPLETO | E4: AJUSTE PARCIAL | F4: NO SE HIZO AJUSTE | G4: OBSERVACIONES
A5: DESCRIPCION DEL HALLAZGO
A6: TIPO DE HALLAZGO
A7: RUTA | D7: REVISION DE LOS AJUSTES
D8: AJUSTE REALIZADO | E8: CON PENDENTES | F8: AJUSTE NO REALIZADO | G8: OBSERVACIONES
A13: EVIDENCIAS
A14: HTML | C14: GUION O XD

Sheet H71
A3: N° DE HALLAZGO | B3: 71 | D3: REALIZACION DE LOS AJUSTES
A4: RECURSO | D4: AJUSTE COMPLETO | E4: AJUSTE PARCIAL | F4: NO SE HIZO AJUSTE | G4: OBSERVACIONES
A5: DESCRIPCION DEL HALLAZGO
A6: TIPO DE HALLAZGO
A7: RUTA | D7: REVISION DE LOS AJUSTES
D8: AJUSTE REALIZADO | E8: CON PENDENTES | F8: AJUSTE NO REALIZADO | G8: OBSERVACIONES
A13: EVIDENCIAS
A14: HTML | C14: GUION O XD

Sheet H72
A3: N° DE HALLAZGO | B3: 72 | D3: REALIZACION DE LOS AJUSTES
A4: RECURSO | D4: AJUSTE COMPLETO | E4: AJUSTE PARCIAL | F4: NO SE HIZO AJUSTE | G4: OBSERVACIONES
A5: DESCRIPCION DEL HALLAZGO
A6: TIPO DE HALLAZGO
A7: RUTA | D7: REVISION DE LOS AJUSTES
D8: AJUSTE REALIZADO | E8: CON PENDENTES | F8: AJUSTE NO REALIZADO | G8: OBSERVACIONES
A13: EVIDENCIAS
A14: HTML | C14: GUION O XD

Sheet H73
A3: N° DE HALLAZGO | B3: 73 | D3: REALIZACION DE LOS AJUSTES
A4: RECURSO | D4: AJUSTE COMPLETO | E4: AJUSTE PARCIAL | F4: NO SE HIZO AJUSTE | G4: OBSERVACIONES
A5: DESCRIPCION DEL HALLAZGO
A6: TIPO DE HALLAZGO
A7: RUTA | D7: REVISION DE LOS AJUSTES
D8: AJUSTE REALIZADO | E8: CON PENDENTES | F8: AJUSTE NO REALIZADO | G8: OBSERVACIONES
A13: EVIDENCIAS
A14: HTML | C14: GUION O XD

Sheet H74
A3: N° DE HALLAZGO | B3: 74 | D3: REALIZACION DE LOS AJUSTES
A4: RECURSO | D4: AJUSTE COMPLETO | E4: AJUSTE PARCIAL | F4: NO SE HIZO AJUSTE | G4: OBSERVACIONES
A5: DESCRIPCION DEL HALLAZGO
A6: TIPO DE HALLAZGO
A7: RUTA | D7: REVISION DE LOS AJUSTES
D8: AJUSTE REALIZADO | E8: CON PENDENTES | F8: AJUSTE NO REALIZADO | G8: OBSERVACIONES
A13: EVIDENCIAS
A14: HTML | C14: GUION O XD

Sheet H75
A3: N° DE HALLAZGO | B3: 75 | D3: REALIZACION DE LOS AJUSTES
A4: RECURSO | D4: AJUSTE COMPLETO | E4: AJUSTE PARCIAL | F4: NO SE HIZO AJUSTE | G4: OBSERVACIONES
A5: DESCRIPCION DEL HALLAZGO
A6: TIPO DE HALLAZGO
A7: RUTA | D7: REVISION DE LOS AJUSTES
D8: AJUSTE REALIZADO | E8: CON PENDENTES | F8: AJUSTE NO REALIZADO | G8: OBSERVACIONES
A13: EVIDENCIAS
A14: HTML | C14: GUION O XD

Sheet H76
A3: N° DE HALLAZGO | B3: 76 | D3: REALIZACION DE LOS AJUSTES
A4: RECURSO | D4: AJUSTE COMPLETO | E4: AJUSTE PARCIAL | F4: NO SE HIZO AJUSTE | G4: OBSERVACIONES
A5: DESCRIPCION DEL HALLAZGO
A6: TIPO DE HALLAZGO
A7: RUTA | D7: REVISION DE LOS AJUSTES
D8: AJUSTE REALIZADO | E8: CON PENDENTES | F8: AJUSTE NO REALIZADO | G8: OBSERVACIONES
A13: EVIDENCIAS
A14: HTML | C14: GUION O XD

Sheet H77
A3: N° DE HALLAZGO | B3: 77 | D3: REALIZACION DE LOS AJUSTES
A4: RECURSO | D4: AJUSTE COMPLETO | E4: AJUSTE PARCIAL | F4: NO SE HIZO AJUSTE | G4: OBSERVACIONES
A5: DESCRIPCION DEL HALLAZGO
A6: TIPO DE HALLAZGO
A7: RUTA | D7: REVISION DE LOS AJUSTES
D8: AJUSTE REALIZADO | E8: CON PENDENTES | F8: AJUSTE NO REALIZADO | G8: OBSERVACIONES
A13: EVIDENCIAS
A14: HTML | C14: GUION O XD

Sheet H78
A3: N° DE HALLAZGO | B3: 78 | D3: REALIZACION DE LOS AJUSTES
A4: RECURSO | D4: AJUSTE COMPLETO | E4: AJUSTE PARCIAL | F4: NO SE HIZO AJUSTE | G4: OBSERVACIONES
A5: DESCRIPCION DEL HALLAZGO
A6: TIPO DE HALLAZGO
A7: RUTA | D7: REVISION DE LOS AJUSTES
D8: AJUSTE REALIZADO | E8: CON PENDENTES | F8: AJUSTE NO REALIZADO | G8: OBSERVACIONES
A13: EVIDENCIAS
A14: HTML | C14: GUION O XD

Sheet H79
A3: N° DE HALLAZGO | B3: 79 | D3: REALIZACION DE LOS AJUSTES
A4: RECURSO | D4: AJUSTE COMPLETO | E4: AJUSTE PARCIAL | F4: NO SE HIZO AJUSTE | G4: OBSERVACIONES
A5: DESCRIPCION DEL HALLAZGO
A6: TIPO DE HALLAZGO
A7: RUTA | D7: REVISION DE LOS AJUSTES
D8: AJUSTE REALIZADO | E8: CON PENDENTES | F8: AJUSTE NO REALIZADO | G8: OBSERVACIONES
A13: EVIDENCIAS
A14: HTML | C14: GUION O XD

Sheet H80
A3: N° DE HALLAZGO | B3: 80 | D3: REALIZACION DE LOS AJUSTES
A4: RECURSO | D4: AJUSTE COMPLETO | E4: AJUSTE PARCIAL | F4: NO SE HIZO AJUSTE | G4: OBSERVACIONES
A5: DESCRIPCION DEL HALLAZGO
A6: TIPO DE HALLAZGO
A7: RUTA | D7: REVISION DE LOS AJUSTES
D8: AJUSTE REALIZADO | E8: CON PENDENTES | F8: AJUSTE NO REALIZADO | G8: OBSERVACIONES
A13: EVIDENCIAS
A14: HTML | C14: GUION O XD
